"system","code","category","level","file_no","description_th","fix_guidance_th","effective_from","effective_to","source_doc","source_ref","source_date","verified"
"ECLAIM","C101","ข้อมูลผู้ป่วย/วันเวลา","ERROR","","ไม่มีชื่อ-สกุลผู้ป่วย","","","","รายละเอียดการผิดพลาดของข้อมูล (รหัสติด C) — สสจ.ขอนแก่น รวบรวมจากระบบ e-Claim สปสช.","uckkpho.com/uc/1313","","1"
"ECLAIM","C102","ข้อมูลผู้ป่วย/วันเวลา","ERROR","","ข้อมูลวันเกิดผู้ป่วยใช้ไม่ได้ หรือไม่มี","","","","รายละเอียดการผิดพลาดของข้อมูล (รหัสติด C) — สสจ.ขอนแก่น รวบรวมจากระบบ e-Claim สปสช.","uckkpho.com/uc/1313","","1"
"ECLAIM","C103","ข้อมูลผู้ป่วย/วันเวลา","ERROR","","ข้อมูลเพศผู้ป่วยใช้ไม่ได้ หรือไม่มี","","","","รายละเอียดการผิดพลาดของข้อมูล (รหัสติด C) — สสจ.ขอนแก่น รวบรวมจากระบบ e-Claim สปสช.","uckkpho.com/uc/1313","","1"
"ECLAIM","C104","ข้อมูลผู้ป่วย/วันเวลา","ERROR","","เลขบัตรประชาชนของผู้ป่วย ใช้ไม่ได้ หรือไม่มี","","","","รายละเอียดการผิดพลาดของข้อมูล (รหัสติด C) — สสจ.ขอนแก่น รวบรวมจากระบบ e-Claim สปสช.","uckkpho.com/uc/1313","","1"
"ECLAIM","C105","ข้อมูลผู้ป่วย/วันเวลา","ERROR","","HN ไม่มี หรือใช้ไม่ได้","","","","รายละเอียดการผิดพลาดของข้อมูล (รหัสติด C) — สสจ.ขอนแก่น รวบรวมจากระบบ e-Claim สปสช.","uckkpho.com/uc/1313","","1"
"ECLAIM","C106","ข้อมูลผู้ป่วย/วันเวลา","ERROR","","AN ไม่มี หรือใช้ไม่ได้","","","","รายละเอียดการผิดพลาดของข้อมูล (รหัสติด C) — สสจ.ขอนแก่น รวบรวมจากระบบ e-Claim สปสช.","uckkpho.com/uc/1313","","1"
"ECLAIM","C107","ข้อมูลผู้ป่วย/วันเวลา","ERROR","","วันที่รับไว้หรือวันที่จำหน่ายใช้ไม่ได้ หรือไม่มี","","","","รายละเอียดการผิดพลาดของข้อมูล (รหัสติด C) — สสจ.ขอนแก่น รวบรวมจากระบบ e-Claim สปสช.","uckkpho.com/uc/1313","","1"
"ECLAIM","C108","ข้อมูลผู้ป่วย/วันเวลา","ERROR","","ไม่มีวันที่จำหน่าย","","","","รายละเอียดการผิดพลาดของข้อมูล (รหัสติด C) — สสจ.ขอนแก่น รวบรวมจากระบบ e-Claim สปสช.","uckkpho.com/uc/1313","","1"
"ECLAIM","C109","ข้อมูลผู้ป่วย/วันเวลา","ERROR","","เวลาที่รับไว้ในร.พ.ใช้ไม่ได้ หรือไม่มี","","","","รายละเอียดการผิดพลาดของข้อมูล (รหัสติด C) — สสจ.ขอนแก่น รวบรวมจากระบบ e-Claim สปสช.","uckkpho.com/uc/1313","","1"
"ECLAIM","C110","ข้อมูลผู้ป่วย/วันเวลา","ERROR","","เวลาที่จำหน่ายออกจากร.พ.ใช้ไม่ได้ หรือไม่มี","","","","รายละเอียดการผิดพลาดของข้อมูล (รหัสติด C) — สสจ.ขอนแก่น รวบรวมจากระบบ e-Claim สปสช.","uckkpho.com/uc/1313","","1"
"ECLAIM","C111","ข้อมูลผู้ป่วย/วันเวลา","ERROR","","ประเภทการจำหน่าย ใช้ไม่ได้/ไม่มี","","","","รายละเอียดการผิดพลาดของข้อมูล (รหัสติด C) — สสจ.ขอนแก่น รวบรวมจากระบบ e-Claim สปสช.","uckkpho.com/uc/1313","","1"
"ECLAIM","C112","ข้อมูลผู้ป่วย/วันเวลา","ERROR","","สถานภาพเมื่อจำหน่าย ใช้ไม่ได้/ไม่มี","","","","รายละเอียดการผิดพลาดของข้อมูล (รหัสติด C) — สสจ.ขอนแก่น รวบรวมจากระบบ e-Claim สปสช.","uckkpho.com/uc/1313","","1"
"ECLAIM","C113","ข้อมูลผู้ป่วย/วันเวลา","ERROR","","ประเภทการจำหน่าย และสถานภาพเมื่อจำหน่าย ไม่สอดคล้องกัน","","","","รายละเอียดการผิดพลาดของข้อมูล (รหัสติด C) — สสจ.ขอนแก่น รวบรวมจากระบบ e-Claim สปสช.","uckkpho.com/uc/1313","","1"
"ECLAIM","C114","ข้อมูลผู้ป่วย/วันเวลา","ERROR","","น้ำหนักตัวแรกรับ ใช้ไม่ได้ หรือไม่มี (กลุ่มเด็กแรกเกิด)","","","","รายละเอียดการผิดพลาดของข้อมูล (รหัสติด C) — สสจ.ขอนแก่น รวบรวมจากระบบ e-Claim สปสช.","uckkpho.com/uc/1313","","1"
"ECLAIM","C115","ข้อมูลผู้ป่วย/วันเวลา","ERROR","","ไม่ระบุการใช้สิทธิ หรือ ไม่ต้องการเบิกชดเชยค่าบริการ","","","","รายละเอียดการผิดพลาดของข้อมูล (รหัสติด C) — สสจ.ขอนแก่น รวบรวมจากระบบ e-Claim สปสช.","uckkpho.com/uc/1313","","1"
"ECLAIM","C116","ข้อมูลผู้ป่วย/วันเวลา","ERROR","","เลขบัตรประชาชนของผู้ป่วย ผิดรูปแบบ","","","","รายละเอียดการผิดพลาดของข้อมูล (รหัสติด C) — สสจ.ขอนแก่น รวบรวมจากระบบ e-Claim สปสช.","uckkpho.com/uc/1313","","1"
"ECLAIM","C117","ข้อมูลผู้ป่วย/วันเวลา","ERROR","","รูปแบบ (Format) การบันทึกข้อมูลการเงินไม่ถูกต้อง","","","","รายละเอียดการผิดพลาดของข้อมูล (รหัสติด C) — สสจ.ขอนแก่น รวบรวมจากระบบ e-Claim สปสช.","uckkpho.com/uc/1313","","1"
"ECLAIM","C118","ข้อมูลผู้ป่วย/วันเวลา","ERROR","","จากเลขบัตรประชาชน บันทึกเพศไม่ตรงกับเพศที่ตรวจสอบได้ใน สนบท.","","","","รายละเอียดการผิดพลาดของข้อมูล (รหัสติด C) — สสจ.ขอนแก่น รวบรวมจากระบบ e-Claim สปสช.","uckkpho.com/uc/1313","","1"
"ECLAIM","C119","ข้อมูลผู้ป่วย/วันเวลา","ERROR","","จากเลขบัตรประชาชน บันทึกวัน เดือน ปีเกิด ไม่ตรงกับวัน เดือน ปี เกิดที่ตรวจสอบได้ใน สนบท.","","","","รายละเอียดการผิดพลาดของข้อมูล (รหัสติด C) — สสจ.ขอนแก่น รวบรวมจากระบบ e-Claim สปสช.","uckkpho.com/uc/1313","","1"
"ECLAIM","C120","ข้อมูลผู้ป่วย/วันเวลา","ERROR","","วันที่รับไว้ ก่อนวันเกิด","","","","รายละเอียดการผิดพลาดของข้อมูล (รหัสติด C) — สสจ.ขอนแก่น รวบรวมจากระบบ e-Claim สปสช.","uckkpho.com/uc/1313","","1"
"ECLAIM","C121","ข้อมูลผู้ป่วย/วันเวลา","ERROR","","วัน/เวลาที่รับไว้ในร.พ. หลังวันที่จำหน่าย","","","","รายละเอียดการผิดพลาดของข้อมูล (รหัสติด C) — สสจ.ขอนแก่น รวบรวมจากระบบ e-Claim สปสช.","uckkpho.com/uc/1313","","1"
"ECLAIM","C122","ข้อมูลผู้ป่วย/วันเวลา","ERROR","","เป็นข้อมูลสิทธิข้าราชการของหน่วยบริการที่กำหนดให้ส่งในโปรแกรมของ สกส.","","","","รายละเอียดการผิดพลาดของข้อมูล (รหัสติด C) — สสจ.ขอนแก่น รวบรวมจากระบบ e-Claim สปสช.","uckkpho.com/uc/1313","","1"
"ECLAIM","C123","ข้อมูลผู้ป่วย/วันเวลา","ERROR","","วันที่จำหน่าย หลังวันที่ได้รับข้อมูล","","","","รายละเอียดการผิดพลาดของข้อมูล (รหัสติด C) — สสจ.ขอนแก่น รวบรวมจากระบบ e-Claim สปสช.","uckkpho.com/uc/1313","","1"
"ECLAIM","C124","ข้อมูลผู้ป่วย/วันเวลา","ERROR","","วันที่รับบริการ หลังวันส่งข้อมูลไปที่ สปสช.","","","","รายละเอียดการผิดพลาดของข้อมูล (รหัสติด C) — สสจ.ขอนแก่น รวบรวมจากระบบ e-Claim สปสช.","uckkpho.com/uc/1313","","1"
"ECLAIM","C125","ข้อมูลผู้ป่วย/วันเวลา","ERROR","","ผู้ป่วยในสิทธิข้าราชการ/อปท.ไม่มีเลขอนุมัติ หรือ บันทึกเลขอนุมัติไม่ถูกต้อง หรือ ไม่มีเลขที่หนังสือส่งตัวจากหน่วยงานต้นสังกัด","","","","รายละเอียดการผิดพลาดของข้อมูล (รหัสติด C) — สสจ.ขอนแก่น รวบรวมจากระบบ e-Claim สปสช.","uckkpho.com/uc/1313","","1"
"ECLAIM","C126","ข้อมูลผู้ป่วย/วันเวลา","ERROR","","ระยะเวลาที่อยู่ในหน่วยบริการสั้นเกินไป","","","","รายละเอียดการผิดพลาดของข้อมูล (รหัสติด C) — สสจ.ขอนแก่น รวบรวมจากระบบ e-Claim สปสช.","uckkpho.com/uc/1313","","1"
"ECLAIM","C127","ข้อมูลผู้ป่วย/วันเวลา","ERROR","","ข้อมูลผู้ป่วยนอกสิทธิข้าราชการ/อปท.ไม่มีในฐานเบิกจ่ายตรงของหน่วยบริการหรือไม่มีเลขอนุมัติ","","","","รายละเอียดการผิดพลาดของข้อมูล (รหัสติด C) — สสจ.ขอนแก่น รวบรวมจากระบบ e-Claim สปสช.","uckkpho.com/uc/1313","","1"
"ECLAIM","C128","ข้อมูลผู้ป่วย/วันเวลา","ERROR","","เป็นข้อมูลสิทธิข้าราชการ/อปท.ที่รับบริการหรือจำหน่ายก่อน 1 ต.ค 56","","","","รายละเอียดการผิดพลาดของข้อมูล (รหัสติด C) — สสจ.ขอนแก่น รวบรวมจากระบบ e-Claim สปสช.","uckkpho.com/uc/1313","","1"
"ECLAIM","C129","ข้อมูลผู้ป่วย/วันเวลา","ERROR","","เป็นข้อมูลจำหน่ายก่อน 1 เม.ย 2556","","","","รายละเอียดการผิดพลาดของข้อมูล (รหัสติด C) — สสจ.ขอนแก่น รวบรวมจากระบบ e-Claim สปสช.","uckkpho.com/uc/1313","","1"
"ECLAIM","C130","ข้อมูลผู้ป่วย/วันเวลา","ERROR","","เป็นผู้ป่วยในเกิน 180 วัน แต่ไม่บ่งบอกการยืนยันความจำเป็น เตือนในกรณีวันลา","","","","รายละเอียดการผิดพลาดของข้อมูล (รหัสติด C) — สสจ.ขอนแก่น รวบรวมจากระบบ e-Claim สปสช.","uckkpho.com/uc/1313","","1"
"ECLAIM","C131","สิทธิ/หนังสือรับรอง/ประกันสังคม","ERROR","","ไม่เป็นไปตามเงื่อนไขการเบิกจ่ายกรณี ผู้ป่วยในรักษาข้ามเขต","","","","รายละเอียดการผิดพลาดของข้อมูล (รหัสติด C) — สสจ.ขอนแก่น รวบรวมจากระบบ e-Claim สปสช.","uckkpho.com/uc/1313","","1"
"ECLAIM","C132","สิทธิ/หนังสือรับรอง/ประกันสังคม","ERROR","","ไม่เป็นไปตามเงื่อนไขการเบิกจ่ายกรณีกองทุนโรคเฉพาะ ผู้ป่วยในรักษาข้ามเขต","","","","รายละเอียดการผิดพลาดของข้อมูล (รหัสติด C) — สสจ.ขอนแก่น รวบรวมจากระบบ e-Claim สปสช.","uckkpho.com/uc/1313","","1"
"ECLAIM","C133","สิทธิ/หนังสือรับรอง/ประกันสังคม","ERROR","","บันทึกข้อมูลกรณีใช้หนังสือรับรองสิทธิไม่ครบถ้วน","","","","รายละเอียดการผิดพลาดของข้อมูล (รหัสติด C) — สสจ.ขอนแก่น รวบรวมจากระบบ e-Claim สปสช.","uckkpho.com/uc/1313","","1"
"ECLAIM","C134","สิทธิ/หนังสือรับรอง/ประกันสังคม","ERROR","","ไม่มีเลขที่บัตร ชื่อ-สกุล ของผู้มีสิทธิหลัก กรณีเป็นผู้อาศัยสิทธิ","","","","รายละเอียดการผิดพลาดของข้อมูล (รหัสติด C) — สสจ.ขอนแก่น รวบรวมจากระบบ e-Claim สปสช.","uckkpho.com/uc/1313","","1"
"ECLAIM","C135","สิทธิ/หนังสือรับรอง/ประกันสังคม","ERROR","","ไม่ระบุประเภทสิทธิ หรือความสัมพันธ์ กรณีใช้หนังสือรับรองสิทธิ","","","","รายละเอียดการผิดพลาดของข้อมูล (รหัสติด C) — สสจ.ขอนแก่น รวบรวมจากระบบ e-Claim สปสช.","uckkpho.com/uc/1313","","1"
"ECLAIM","C136","สิทธิ/หนังสือรับรอง/ประกันสังคม","ERROR","","ข้อมูลผู้ป่วยสิทธิประกันสังคม/ทุพพลภาพ รับบริการก่อน 1 ม.ค 57","","","","รายละเอียดการผิดพลาดของข้อมูล (รหัสติด C) — สสจ.ขอนแก่น รวบรวมจากระบบ e-Claim สปสช.","uckkpho.com/uc/1313","","1"
"ECLAIM","C137","สิทธิ/หนังสือรับรอง/ประกันสังคม","ERROR","","รหัสบัตรประชาชนของผู้มีสิทธิไม่สัมพันธ์กับรหัสของผู้ป่วยกรณีใช้สิทธิตัวเอง","","","","รายละเอียดการผิดพลาดของข้อมูล (รหัสติด C) — สสจ.ขอนแก่น รวบรวมจากระบบ e-Claim สปสช.","uckkpho.com/uc/1313","","1"
"ECLAIM","C138","สิทธิ/หนังสือรับรอง/ประกันสังคม","ERROR","","รหัสบัตรประชาชนของผู้มีสิทธิไม่สัมพันธ์กับรหัสของผู้ป่วย กรณีใช้ร่วมของบิดาหรือมารดา","","","","รายละเอียดการผิดพลาดของข้อมูล (รหัสติด C) — สสจ.ขอนแก่น รวบรวมจากระบบ e-Claim สปสช.","uckkpho.com/uc/1313","","1"
"ECLAIM","C139","สิทธิ/หนังสือรับรอง/ประกันสังคม","ERROR","","รหัสบัตรประชาชนของผู้มีสิทธิไม่สัมพันธ์กับรหัสของผู้ป่วย กรณีใช้สิทธิร่วมของบุตร","","","","รายละเอียดการผิดพลาดของข้อมูล (รหัสติด C) — สสจ.ขอนแก่น รวบรวมจากระบบ e-Claim สปสช.","uckkpho.com/uc/1313","","1"
"ECLAIM","C140","สิทธิ/หนังสือรับรอง/ประกันสังคม","ERROR","","AN ซ้ำกับรายที่เคยส่งข้อมูลและตรวจผ่านแล้ว","","","","รายละเอียดการผิดพลาดของข้อมูล (รหัสติด C) — สสจ.ขอนแก่น รวบรวมจากระบบ e-Claim สปสช.","uckkpho.com/uc/1313","","1"
"ECLAIM","C141","สิทธิ/หนังสือรับรอง/ประกันสังคม","ERROR","","รหัสบัตรประชาชนของผู้มีสิทธิไม่สัมพันธ์กับรหัสของผู้ป่วย กรณีใช้สิทธิร่วมของคู่สมรส","","","","รายละเอียดการผิดพลาดของข้อมูล (รหัสติด C) — สสจ.ขอนแก่น รวบรวมจากระบบ e-Claim สปสช.","uckkpho.com/uc/1313","","1"
"ECLAIM","C142","สิทธิ/หนังสือรับรอง/ประกันสังคม","ERROR","","HN ตรงกับรายที่เคยส่งแล้ว แต่เลขบัตรปชช.13 หลักไม่ตรงกัน","","","","รายละเอียดการผิดพลาดของข้อมูล (รหัสติด C) — สสจ.ขอนแก่น รวบรวมจากระบบ e-Claim สปสช.","uckkpho.com/uc/1313","","1"
"ECLAIM","C143","สิทธิ/หนังสือรับรอง/ประกันสังคม","ERROR","","เพศผู้ป่วยที่บันทึกเบิกไม่ตรงกับ สนบท.","","","","รายละเอียดการผิดพลาดของข้อมูล (รหัสติด C) — สสจ.ขอนแก่น รวบรวมจากระบบ e-Claim สปสช.","uckkpho.com/uc/1313","","1"
"ECLAIM","C144","สิทธิ/หนังสือรับรอง/ประกันสังคม","ERROR","","หน่วยบริการได้ขอยกเลิกข้อมูลดังกล่าวแล้ว","","","","รายละเอียดการผิดพลาดของข้อมูล (รหัสติด C) — สสจ.ขอนแก่น รวบรวมจากระบบ e-Claim สปสช.","uckkpho.com/uc/1313","","1"
"ECLAIM","C145","สิทธิ/หนังสือรับรอง/ประกันสังคม","ERROR","","รหัสบัตรประชาชนของผู้มีสิทธิหลักไม่ถูกต้องไม่มีใน สนบท.","","","","รายละเอียดการผิดพลาดของข้อมูล (รหัสติด C) — สสจ.ขอนแก่น รวบรวมจากระบบ e-Claim สปสช.","uckkpho.com/uc/1313","","1"
"ECLAIM","C146","สิทธิ/หนังสือรับรอง/ประกันสังคม","ERROR","","ผลตรวจสอบสถานพยาบาลหลักไม่ตรงสถานพยาบาลในฐานสำนักงานประกันสังคม","","","","รายละเอียดการผิดพลาดของข้อมูล (รหัสติด C) — สสจ.ขอนแก่น รวบรวมจากระบบ e-Claim สปสช.","uckkpho.com/uc/1313","","1"
"ECLAIM","C147","สิทธิ/หนังสือรับรอง/ประกันสังคม","ERROR","","รหัส รพ.รักษาไม่ตรงกับรหัส รพ.หลักกรณีเลือกสถานะ รพ.รักษาเป็น maincontractor หรือรหัส รพ.ที่รักษาและรหัส รพ.หลักเป็นรหัสเดียวกัน แต่สถานะรพ.รักษาไม่ใช่ maincontractor","","","","รายละเอียดการผิดพลาดของข้อมูล (รหัสติด C) — สสจ.ขอนแก่น รวบรวมจากระบบ e-Claim สปสช.","uckkpho.com/uc/1313","","1"
"ECLAIM","C148","สิทธิ/หนังสือรับรอง/ประกันสังคม","ERROR","","ไม่ระบุสถานพยาบาลหลักของผู้ประกันตน","","","","รายละเอียดการผิดพลาดของข้อมูล (รหัสติด C) — สสจ.ขอนแก่น รวบรวมจากระบบ e-Claim สปสช.","uckkpho.com/uc/1313","","1"
"ECLAIM","C149","สิทธิ/หนังสือรับรอง/ประกันสังคม","ERROR","","สิทธิประกันสังคม ไม่ระบุ maincontractor","","","","รายละเอียดการผิดพลาดของข้อมูล (รหัสติด C) — สสจ.ขอนแก่น รวบรวมจากระบบ e-Claim สปสช.","uckkpho.com/uc/1313","","1"
"ECLAIM","C150","สิทธิ/หนังสือรับรอง/ประกันสังคม","ERROR","","ผู้ป่วยเข้ารับการรักษาในช่วงเวลาเดียวกันในหน่วยบริการมากกว่า 1 แห่ง (ช่วงเวลาทับซ้อน)","","","","รายละเอียดการผิดพลาดของข้อมูล (รหัสติด C) — สสจ.ขอนแก่น รวบรวมจากระบบ e-Claim สปสช.","uckkpho.com/uc/1313","","1"
"ECLAIM","C151","สิทธิ/หนังสือรับรอง/ประกันสังคม","ERROR","","ช่วงการเข้ารับบริการของผู้ป่วยรายเดียวกัน ในหน่วยบริการเดียวกัน มีวัน/เวลาทับซ้อนกันของผู้ป่วยในกับผู้ป่วยใน หรือผู้ป่วยในกับผู้ป่วยนอก","","","","รายละเอียดการผิดพลาดของข้อมูล (รหัสติด C) — สสจ.ขอนแก่น รวบรวมจากระบบ e-Claim สปสช.","uckkpho.com/uc/1313","","1"
"ECLAIM","C152","สิทธิ/หนังสือรับรอง/ประกันสังคม","ERROR","","ส่งข้อมูลเบิกกรณีผู้ป่วยนอกซ้ำซ้อน ในโรคเดียวกัน","","","","รายละเอียดการผิดพลาดของข้อมูล (รหัสติด C) — สสจ.ขอนแก่น รวบรวมจากระบบ e-Claim สปสช.","uckkpho.com/uc/1313","","1"
"ECLAIM","C153","สิทธิ/หนังสือรับรอง/ประกันสังคม","ERROR","","เด็กแรกเกิด นน.น้อยกว่า 0.5 กก. หรือ มากกว่า 6 กก.","","","","รายละเอียดการผิดพลาดของข้อมูล (รหัสติด C) — สสจ.ขอนแก่น รวบรวมจากระบบ e-Claim สปสช.","uckkpho.com/uc/1313","","1"
"ECLAIM","C154","สิทธิ/หนังสือรับรอง/ประกันสังคม","ERROR","","สิทธิประกันสังคม ที่ส่งข้อมูลก่อนวันที่ สำนักงานประกันสังคม มีประกาศให้ส่งข้อมูลให้ สปสช.","","","","รายละเอียดการผิดพลาดของข้อมูล (รหัสติด C) — สสจ.ขอนแก่น รวบรวมจากระบบ e-Claim สปสช.","uckkpho.com/uc/1313","","1"
"ECLAIM","C155","หน่วยบริการ","ERROR","","ไม่ใช่หน่วยบริการในฐานเบิกจ่ายตรงของ สปสช.","","","","รายละเอียดการผิดพลาดของข้อมูล (รหัสติด C) — สสจ.ขอนแก่น รวบรวมจากระบบ e-Claim สปสช.","uckkpho.com/uc/1313","","1"
"ECLAIM","C156","หน่วยบริการ","ERROR","","รหัสสถานพยาบาลที่รักษาไม่มีในฐานข้อมูลหน่วยบริการ","","","","รายละเอียดการผิดพลาดของข้อมูล (รหัสติด C) — สสจ.ขอนแก่น รวบรวมจากระบบ e-Claim สปสช.","uckkpho.com/uc/1313","","1"
"ECLAIM","C157","หน่วยบริการ","ERROR","","หน่วยบริการประจำของผู้ป่วยไม่อยู่ในจังหวัดที่เกิดอุทกภัย","","","","รายละเอียดการผิดพลาดของข้อมูล (รหัสติด C) — สสจ.ขอนแก่น รวบรวมจากระบบ e-Claim สปสช.","uckkpho.com/uc/1313","","1"
"ECLAIM","C158","หน่วยบริการ","ERROR","","สิทธิเจ้าหน้าที่ สปสช.อายุน้อยกว่าเกณฑ์ที่กำหนด","","","","รายละเอียดการผิดพลาดของข้อมูล (รหัสติด C) — สสจ.ขอนแก่น รวบรวมจากระบบ e-Claim สปสช.","uckkpho.com/uc/1313","","1"
"ECLAIM","C159","หน่วยบริการ","ERROR","","รหัสโรงพยาบาลที่รับส่งต่อ ไม่มีในฐานทะเบียนหน่วยบริการ","","","","รายละเอียดการผิดพลาดของข้อมูล (รหัสติด C) — สสจ.ขอนแก่น รวบรวมจากระบบ e-Claim สปสช.","uckkpho.com/uc/1313","","1"
"ECLAIM","C160","หน่วยบริการ","ERROR","","ไม่มีรหัสประเภทการบริการ (svctype)","","","","รายละเอียดการผิดพลาดของข้อมูล (รหัสติด C) — สสจ.ขอนแก่น รวบรวมจากระบบ e-Claim สปสช.","uckkpho.com/uc/1313","","1"
"ECLAIM","C161","หน่วยบริการ","ERROR","","รหัสประเภทการบริการ (svctype) ใช้ไม่ได้ หรือไม่มีใน lookup","","","","รายละเอียดการผิดพลาดของข้อมูล (รหัสติด C) — สสจ.ขอนแก่น รวบรวมจากระบบ e-Claim สปสช.","uckkpho.com/uc/1313","","1"
"ECLAIM","C162","หน่วยบริการ","ERROR","","พบว่า Serial Number ที่บันทึกถูกใช้ในระบบแล้ว","","","","รายละเอียดการผิดพลาดของข้อมูล (รหัสติด C) — สสจ.ขอนแก่น รวบรวมจากระบบ e-Claim สปสช.","uckkpho.com/uc/1313","","1"
"ECLAIM","C163","หน่วยบริการ","ERROR","","ไม่บันทึก Serail NO. ของอุปกรณ์เลนส์แก้วตาเทียมที่ใช้","","","","รายละเอียดการผิดพลาดของข้อมูล (รหัสติด C) — สสจ.ขอนแก่น รวบรวมจากระบบ e-Claim สปสช.","uckkpho.com/uc/1313","","1"
"ECLAIM","C164","หน่วยบริการ","ERROR","","บันทึกรหัสอุปกรณ์ ไม่ตรงตามรายการอุปกรณ์ที่ประกาศในปีงบประมาณ","","","","รายละเอียดการผิดพลาดของข้อมูล (รหัสติด C) — สสจ.ขอนแก่น รวบรวมจากระบบ e-Claim สปสช.","uckkpho.com/uc/1313","","1"
"ECLAIM","C165","หน่วยบริการ","ERROR","","เกิดจากมีการขอเบิกกรณี Instrument และ OPAE แต่ค่าบริการในส่วนของ Instrument เท่ากับค่าบริการรวม","","","","รายละเอียดการผิดพลาดของข้อมูล (รหัสติด C) — สสจ.ขอนแก่น รวบรวมจากระบบ e-Claim สปสช.","uckkpho.com/uc/1313","","1"
"ECLAIM","C166","หน่วยบริการ","ERROR","","กรณีผู้ป่วยนอกไม่มีการบันทึกข้อมูลเบิกชดเชย ทั้งในส่วนของ OPAE , HC, Inst. หรืออื่นๆ","","","","รายละเอียดการผิดพลาดของข้อมูล (รหัสติด C) — สสจ.ขอนแก่น รวบรวมจากระบบ e-Claim สปสช.","uckkpho.com/uc/1313","","1"
"ECLAIM","C167","หน่วยบริการ","ERROR","","เกิดจากบันทึกเบิกอวัยวะเทียม/อุปกรณ์บำบัดรักษาไม่ตรงตามเงื่อนไขที่กำหนด","","","","รายละเอียดการผิดพลาดของข้อมูล (รหัสติด C) — สสจ.ขอนแก่น รวบรวมจากระบบ e-Claim สปสช.","uckkpho.com/uc/1313","","1"
"ECLAIM","C168","หน่วยบริการ","ERROR","","เบิกค่าพาหนะไม่ตรงกับสิทธิประโยชน์","","","","รายละเอียดการผิดพลาดของข้อมูล (รหัสติด C) — สสจ.ขอนแก่น รวบรวมจากระบบ e-Claim สปสช.","uckkpho.com/uc/1313","","1"
"ECLAIM","C169","หน่วยบริการ","ERROR","","เกิดจากมีการบันทึกข้อมูลค่าใช้จ่ายเกี่ยวกับค่าพาหนะส่งต่อแต่ไม่ได้ทำการบันทึกข้อมูลระยะทาง","","","","รายละเอียดการผิดพลาดของข้อมูล (รหัสติด C) — สสจ.ขอนแก่น รวบรวมจากระบบ e-Claim สปสช.","uckkpho.com/uc/1313","","1"
"ECLAIM","C170","หน่วยบริการ","ERROR","","ยอดรวมค่ารักษาพยาบาล มีค่าน้อยกว่ายอดเรียกเก็บ","","","","รายละเอียดการผิดพลาดของข้อมูล (รหัสติด C) — สสจ.ขอนแก่น รวบรวมจากระบบ e-Claim สปสช.","uckkpho.com/uc/1313","","1"
"ECLAIM","C171","หน่วยบริการ","ERROR","","เกิดจากมีการบันทึกข้อมูลค่าใช้จ่ายเกี่ยวกับค่ารถส่งต่อ แต่ไม่ได้บันทึกข้อมูลหน่วยบริการรับหรือส่งต่อ","","","","รายละเอียดการผิดพลาดของข้อมูล (รหัสติด C) — สสจ.ขอนแก่น รวบรวมจากระบบ e-Claim สปสช.","uckkpho.com/uc/1313","","1"
"ECLAIM","C172","หน่วยบริการ","ERROR","","เกิดจากมีการบันทึกรหัสเบิก IP002-IP006 ในหน้าผู้ป่วยนอก เมนูค่ารักษาพยาบาล ช่องรายการอวัยวะเทียม/อุปกรณ์บำบัดรักษา ซึ่งรหัสนี้จะเบิกได้เฉพาะผู้ป่วยในเท่านั้น","","","","รายละเอียดการผิดพลาดของข้อมูล (รหัสติด C) — สสจ.ขอนแก่น รวบรวมจากระบบ e-Claim สปสช.","uckkpho.com/uc/1313","","1"
"ECLAIM","C173","หน่วยบริการ","ERROR","","เกิดจากมีการให้รหัสอุปกรณ์ที่ขอเบิกแต่ไม่ได้ทำการบันทึกจำนวนชิ้นหรือจำนวนเงินที่ขอเบิกต่อชิ้น","","","","รายละเอียดการผิดพลาดของข้อมูล (รหัสติด C) — สสจ.ขอนแก่น รวบรวมจากระบบ e-Claim สปสช.","uckkpho.com/uc/1313","","1"
"ECLAIM","C174","หน่วยบริการ","ERROR","","เกิดจากมีการให้รหัสโครงการพิเศษ Z34007 ซึ่งเป็นกรณีคลอดบุตรผู้ป่วยต้องเป็นเพศหญิงเท่านั้น","","","","รายละเอียดการผิดพลาดของข้อมูล (รหัสติด C) — สสจ.ขอนแก่น รวบรวมจากระบบ e-Claim สปสช.","uckkpho.com/uc/1313","","1"
"ECLAIM","C175","หน่วยบริการ","ERROR","","บันทึกจำนวนชิ้นของอุปกรณ์มากกว่าที่กำหนด","","","","รายละเอียดการผิดพลาดของข้อมูล (รหัสติด C) — สสจ.ขอนแก่น รวบรวมจากระบบ e-Claim สปสช.","uckkpho.com/uc/1313","","1"
"ECLAIM","C176","หน่วยบริการ","ERROR","","กรณีผู้ป่วยนอกเลือกเงื่อนไขการเรียกเก็บ (A/E/N) แต่ไม่มียอดค่ารักษาพยาบาล","","","","รายละเอียดการผิดพลาดของข้อมูล (รหัสติด C) — สสจ.ขอนแก่น รวบรวมจากระบบ e-Claim สปสช.","uckkpho.com/uc/1313","","1"
"ECLAIM","C177","หน่วยบริการ","ERROR","","เกิดจากไม่ได้ทำการบันทึกข้อมูลหน่วยบริการที่รักษา","","","","รายละเอียดการผิดพลาดของข้อมูล (รหัสติด C) — สสจ.ขอนแก่น รวบรวมจากระบบ e-Claim สปสช.","uckkpho.com/uc/1313","","1"
"ECLAIM","C178","หน่วยบริการ","ERROR","","บันทึกค่ารักษาพยาบาลเกินกว่าที่กำหนด","","","","รายละเอียดการผิดพลาดของข้อมูล (รหัสติด C) — สสจ.ขอนแก่น รวบรวมจากระบบ e-Claim สปสช.","uckkpho.com/uc/1313","","1"
"ECLAIM","C179","หน่วยบริการ","ERROR","","เกิดจากบันทึกข้อมูลซ้ำซ้อนกันกับข้อมูลที่เคยส่งขอเบิก หรือ มีข้อมูลผู้ป่วยใน admit วันเดียวกันมากกว่า 1 ครั้ง ในหน่วยบริการเดียวกัน","","","","รายละเอียดการผิดพลาดของข้อมูล (รหัสติด C) — สสจ.ขอนแก่น รวบรวมจากระบบ e-Claim สปสช.","uckkpho.com/uc/1313","","1"
"ECLAIM","C180","หน่วยบริการ","ERROR","","ไม่ใช่หน่วยบริการในระบบ หลักประกันสุขภาพแห่งชาติ","","","","รายละเอียดการผิดพลาดของข้อมูล (รหัสติด C) — สสจ.ขอนแก่น รวบรวมจากระบบ e-Claim สปสช.","uckkpho.com/uc/1313","","1"
"ECLAIM","C181","หน่วยบริการ","ERROR","","ไม่ใช่หน่วยบริการในฐานเบิกจ่ายตรงของกรมบัญชีกลาง หรือ อปท.","","","","รายละเอียดการผิดพลาดของข้อมูล (รหัสติด C) — สสจ.ขอนแก่น รวบรวมจากระบบ e-Claim สปสช.","uckkpho.com/uc/1313","","1"
"ECLAIM","C182","หน่วยบริการ","ERROR","","รหัสหน่วยบริการที่บันทึกเบิกไม่สอดคล้องกับการให้บริการตามสิทธิของผู้ป่วย หน่วยบริการสังกัดกรมแพทย์ทหารเรือ/ทหารอากาศ","","","","รายละเอียดการผิดพลาดของข้อมูล (รหัสติด C) — สสจ.ขอนแก่น รวบรวมจากระบบ e-Claim สปสช.","uckkpho.com/uc/1313","","1"
"ECLAIM","C183","หน่วยบริการ","ERROR","","ไม่ใช่หน่วยบริการในฐานเบิกจ่ายค่าบริการของสิทธิ อปท.","","","","รายละเอียดการผิดพลาดของข้อมูล (รหัสติด C) — สสจ.ขอนแก่น รวบรวมจากระบบ e-Claim สปสช.","uckkpho.com/uc/1313","","1"
"ECLAIM","C184","หน่วยบริการ","ERROR","","ชื่อ file ที่ส่งไม่ตรงกับสิทธิประโยชน์ที่บันทึกเบิก หรือ ชื่อหน่วยบริการในไฟล์กับหน่วยบริการที่ส่งไม่ตรงกัน หรือ ในไฟล์เดียวกันมี รพ.ที่รักษามากกว่า 1 แห่ง","","","","รายละเอียดการผิดพลาดของข้อมูล (รหัสติด C) — สสจ.ขอนแก่น รวบรวมจากระบบ e-Claim สปสช.","uckkpho.com/uc/1313","","1"
"ECLAIM","C185","ข้อมูลนำเข้า/ราคายา-อุปกรณ์","ERROR","","ข้อมูลนำเข้าค่าห้องค่าอาหารไม่มีในรายการที่กำหนด","","","","รายละเอียดการผิดพลาดของข้อมูล (รหัสติด C) — สสจ.ขอนแก่น รวบรวมจากระบบ e-Claim สปสช.","uckkpho.com/uc/1313","","1"
"ECLAIM","C186","ข้อมูลนำเข้า/ราคายา-อุปกรณ์","ERROR","","ข้อมูลนำเข้ารายการอวัยวะเทียม/อุปกรณ์บำบัดรักษาไม่มีในรายการที่กำหนด","","","","รายละเอียดการผิดพลาดของข้อมูล (รหัสติด C) — สสจ.ขอนแก่น รวบรวมจากระบบ e-Claim สปสช.","uckkpho.com/uc/1313","","1"
"ECLAIM","C187","ข้อมูลนำเข้า/ราคายา-อุปกรณ์","ERROR","","ข้อมูลนำเข้ารหัสยามีไม่ครบถ้วนตามเงื่อนไขที่กำหนด (24 หลัก)","","","","รายละเอียดการผิดพลาดของข้อมูล (รหัสติด C) — สสจ.ขอนแก่น รวบรวมจากระบบ e-Claim สปสช.","uckkpho.com/uc/1313","","1"
"ECLAIM","C188","ข้อมูลนำเข้า/ราคายา-อุปกรณ์","ERROR","","ข้อมูลนำเข้าเวชภัณฑ์ที่ไม่ใช่ยา ไม่มีในรายการที่กำหนด","","","","รายละเอียดการผิดพลาดของข้อมูล (รหัสติด C) — สสจ.ขอนแก่น รวบรวมจากระบบ e-Claim สปสช.","uckkpho.com/uc/1313","","1"
"ECLAIM","C189","ข้อมูลนำเข้า/ราคายา-อุปกรณ์","ERROR","","ข้อมูลนำเข้าในเมนูบริการอื่นๆที่ยังไม่จัดหมวด ไม่มีในรายการที่กำหนด","","","","รายละเอียดการผิดพลาดของข้อมูล (รหัสติด C) — สสจ.ขอนแก่น รวบรวมจากระบบ e-Claim สปสช.","uckkpho.com/uc/1313","","1"
"ECLAIM","C190","ข้อมูลนำเข้า/ราคายา-อุปกรณ์","ERROR","","ข้อมูลนำเข้าในเมนูการตรวจวินิจฉัย หมวด 7,8,9 ไม่มีในรายการที่กำหนด","","","","รายละเอียดการผิดพลาดของข้อมูล (รหัสติด C) — สสจ.ขอนแก่น รวบรวมจากระบบ e-Claim สปสช.","uckkpho.com/uc/1313","","1"
"ECLAIM","C191","ข้อมูลนำเข้า/ราคายา-อุปกรณ์","ERROR","","ข้อมูลนำเข้าในเมนูหัตถการและค่าบริการ หมวด 11,12 หน้าค่ารักษาพยาบาล ไม่มีในรายการที่กำหนด","","","","รายละเอียดการผิดพลาดของข้อมูล (รหัสติด C) — สสจ.ขอนแก่น รวบรวมจากระบบ e-Claim สปสช.","uckkpho.com/uc/1313","","1"
"ECLAIM","C192","ข้อมูลนำเข้า/ราคายา-อุปกรณ์","ERROR","","ข้อมูลนำเข้ารหัสยาไม่มีในฐานของ e-Claim","","","","รายละเอียดการผิดพลาดของข้อมูล (รหัสติด C) — สสจ.ขอนแก่น รวบรวมจากระบบ e-Claim สปสช.","uckkpho.com/uc/1313","","1"
"ECLAIM","C193","ข้อมูลนำเข้า/ราคายา-อุปกรณ์","ERROR","","บันทึกเบิกค่าห้องไม่ถูกต้องตามราคาที่ประกาศ","","","","รายละเอียดการผิดพลาดของข้อมูล (รหัสติด C) — สสจ.ขอนแก่น รวบรวมจากระบบ e-Claim สปสช.","uckkpho.com/uc/1313","","1"
"ECLAIM","C194","ข้อมูลนำเข้า/ราคายา-อุปกรณ์","ERROR","","เบิกข้อเข่าเทียมแต่ไม่ระบุรหัสโครงการพิเศษ หรือ กรณีบันทึกโครงการพิเศษ GPOM17 ไม่บันทึกรหัสข้อเข่า","","","","รายละเอียดการผิดพลาดของข้อมูล (รหัสติด C) — สสจ.ขอนแก่น รวบรวมจากระบบ e-Claim สปสช.","uckkpho.com/uc/1313","","1"
"ECLAIM","C195","ข้อมูลนำเข้า/ราคายา-อุปกรณ์","ERROR","","บันทึกเบิกค่ายาไม่เท่ากับราคาใน Drug catalog","","","","รายละเอียดการผิดพลาดของข้อมูล (รหัสติด C) — สสจ.ขอนแก่น รวบรวมจากระบบ e-Claim สปสช.","uckkpho.com/uc/1313","","1"
"ECLAIM","C196","ข้อมูลนำเข้า/ราคายา-อุปกรณ์","ERROR","","บันทึกเบิกกรณีการให้ยาเคมีบำบัดไม่ถูกต้อง","","","","รายละเอียดการผิดพลาดของข้อมูล (รหัสติด C) — สสจ.ขอนแก่น รวบรวมจากระบบ e-Claim สปสช.","uckkpho.com/uc/1313","","1"
"ECLAIM","C197","ข้อมูลนำเข้า/ราคายา-อุปกรณ์","ERROR","","บันทึกเบิกยาละลายลิ่มเลือดกรณี STROKE หรือ STEMI มากกว่า 1 รายการ","","","","รายละเอียดการผิดพลาดของข้อมูล (รหัสติด C) — สสจ.ขอนแก่น รวบรวมจากระบบ e-Claim สปสช.","uckkpho.com/uc/1313","","1"
"ECLAIM","C198","ข้อมูลนำเข้า/ราคายา-อุปกรณ์","ERROR","","ไฟล์ .ecd เป็นไฟล์ที่ส่งออกจากโปรแกรม E-Claim ก่อนเวอร์ชั่น 2.0","","","","รายละเอียดการผิดพลาดของข้อมูล (รหัสติด C) — สสจ.ขอนแก่น รวบรวมจากระบบ e-Claim สปสช.","uckkpho.com/uc/1313","","1"
"ECLAIM","C199","ข้อมูลนำเข้า/ราคายา-อุปกรณ์","ERROR","","บันทึกเบิกกรณี STROKE หรือ STEMI ไม่ถูกต้อง ยกเลิกการบันทึกเบิกใน>>บริการอื่นๆที่ยังไม่จัดหมวด ให้บันทึกเบิกเป็นรายการยา","","","","รายละเอียดการผิดพลาดของข้อมูล (รหัสติด C) — สสจ.ขอนแก่น รวบรวมจากระบบ e-Claim สปสช.","uckkpho.com/uc/1313","","1"
"ECLAIM","C200","สร้างเสริมป้องกัน/ทันตกรรม","ERROR","","บันทึกเบิกกรณี One Day Surgery จำนวนวันนอนน้อยกว่า 2 ชั่วโมง หรือมากกว่า 24 ชั่วโมง","","","","รายละเอียดการผิดพลาดของข้อมูล (รหัสติด C) — สสจ.ขอนแก่น รวบรวมจากระบบ e-Claim สปสช.","uckkpho.com/uc/1313","","0"
"ECLAIM","C201","สร้างเสริมป้องกัน/ทันตกรรม","ERROR","","บันทึกเบิกกรณีในการขัดและทำความสะอาดฟันไม่พบหัตถการที่กำหนด","","","","รายละเอียดการผิดพลาดของข้อมูล (รหัสติด C) — สสจ.ขอนแก่น รวบรวมจากระบบ e-Claim สปสช.","uckkpho.com/uc/1313","","0"
"ECLAIM","C202","สร้างเสริมป้องกัน/ทันตกรรม","ERROR","","บันทึกข้อมูลเบิกกรณีฝากครรภ์หรือกรณีคัดกรองมะเร็งปากมดลูก ไม่ครบถ้วนตามเงื่อนไขที่กำหนด","","","","รายละเอียดการผิดพลาดของข้อมูล (รหัสติด C) — สสจ.ขอนแก่น รวบรวมจากระบบ e-Claim สปสช.","uckkpho.com/uc/1313","","0"
"ECLAIM","C203","สร้างเสริมป้องกัน/ทันตกรรม","ERROR","","กรณีตรวจคัดกรองมะเร็งปากมดลูกอายุน้อยกว่า 15 ปี หรือมากกว่า 60 ปี","","","","รายละเอียดการผิดพลาดของข้อมูล (รหัสติด C) — สสจ.ขอนแก่น รวบรวมจากระบบ e-Claim สปสช.","uckkpho.com/uc/1313","","0"
"ECLAIM","C204","สร้างเสริมป้องกัน/ทันตกรรม","ERROR","","รหัสโรค/รหัสหัตถการไม่ถูกต้อง กรณีตรวจคัดกรอง/ยืนยันมะเร็งปากมดลูก","","","","รายละเอียดการผิดพลาดของข้อมูล (รหัสติด C) — สสจ.ขอนแก่น รวบรวมจากระบบ e-Claim สปสช.","uckkpho.com/uc/1313","","0"
"ECLAIM","C205","สร้างเสริมป้องกัน/ทันตกรรม","ERROR","","เบิกกรณีตรวจคัดกรอง/ยืนยันมะเร็งปากมดลูกมากกว่าจำนวนครั้งที่กำหนด","","","","รายละเอียดการผิดพลาดของข้อมูล (รหัสติด C) — สสจ.ขอนแก่น รวบรวมจากระบบ e-Claim สปสช.","uckkpho.com/uc/1313","","0"
"ECLAIM","C206","สร้างเสริมป้องกัน/ทันตกรรม","ERROR","","กรณีตรวจคัดกรองมะเร็งปากมดลูก (Pap smear) ไม่บันทึกผลการตรวจเซลล์วิทยา","","","","รายละเอียดการผิดพลาดของข้อมูล (รหัสติด C) — สสจ.ขอนแก่น รวบรวมจากระบบ e-Claim สปสช.","uckkpho.com/uc/1313","","0"
"ECLAIM","C207","สร้างเสริมป้องกัน/ทันตกรรม","ERROR","","บันทึกข้อมูลตรวจคัดกรองมะเร็งไม่ครบถ้วนตามเงื่อนไขที่กำหนด","","","","รายละเอียดการผิดพลาดของข้อมูล (รหัสติด C) — สสจ.ขอนแก่น รวบรวมจากระบบ e-Claim สปสช.","uckkpho.com/uc/1313","","0"
"ECLAIM","C208","สร้างเสริมป้องกัน/ทันตกรรม","ERROR","","บันทึกเบิกกรณีการตรวจทางพยาธิวิทยา Liquid based cytology แต่ไม่พบการตรวจคัดกรองมะเร็งปากมดลูกด้วยวิธี HPV DNA Test","","","","รายละเอียดการผิดพลาดของข้อมูล (รหัสติด C) — สสจ.ขอนแก่น รวบรวมจากระบบ e-Claim สปสช.","uckkpho.com/uc/1313","","0"
"ECLAIM","C209","สร้างเสริมป้องกัน/ทันตกรรม","ERROR","","อายุไม่สอดคล้องกับเงื่อนไขที่กำหนดกรณีการเบิกทันตกรรมป้องกันในเด็กวัยเรียน","","","","รายละเอียดการผิดพลาดของข้อมูล (รหัสติด C) — สสจ.ขอนแก่น รวบรวมจากระบบ e-Claim สปสช.","uckkpho.com/uc/1313","","0"
"ECLAIM","C210","สร้างเสริมป้องกัน/ทันตกรรม","ERROR","","หน่วยบริการบันทึกเบิกผ่านโปรแกรมตามที่กำหนดไม่ถูก กรณีบริการทันตกรรมป้องกันในเด็กวัยเรียน อายุ 4 – 12 ปี","","","","รายละเอียดการผิดพลาดของข้อมูล (รหัสติด C) — สสจ.ขอนแก่น รวบรวมจากระบบ e-Claim สปสช.","uckkpho.com/uc/1313","","0"
"ECLAIM","C211","สร้างเสริมป้องกัน/ทันตกรรม","ERROR","","อายุไม่ตรงตามเงื่อนไขที่กำหนด กรณีการเบิกบริการเคลือบหลุมร่องฟัน (ฟันถาวร)","","","","รายละเอียดการผิดพลาดของข้อมูล (รหัสติด C) — สสจ.ขอนแก่น รวบรวมจากระบบ e-Claim สปสช.","uckkpho.com/uc/1313","","0"
"ECLAIM","C212","สร้างเสริมป้องกัน/ทันตกรรม","ERROR","","อายุไม่ตรงตามเงื่อนไขที่กำหนด กรณีเบิกบริการเคลือบฟลูออไรด์เฉพาะที่ สำหรับเด็ก","","","","รายละเอียดการผิดพลาดของข้อมูล (รหัสติด C) — สสจ.ขอนแก่น รวบรวมจากระบบ e-Claim สปสช.","uckkpho.com/uc/1313","","0"
"ECLAIM","C213","สร้างเสริมป้องกัน/ทันตกรรม","ERROR","","บันทึกเบิกกรณีเคลือบหลุมร่องฟัน(ฟันถาวร)ไม่ได้ระบุรหัสซี่ฟันตามที่กำหนด","","","","รายละเอียดการผิดพลาดของข้อมูล (รหัสติด C) — สสจ.ขอนแก่น รวบรวมจากระบบ e-Claim สปสช.","uckkpho.com/uc/1313","","0"
"ECLAIM","C214","สร้างเสริมป้องกัน/ทันตกรรม","ERROR","","การตรวจยืนยันภาวะพร่องไทรอยด์ฮอร์โมน (TSH) ผิดปกติ อายุ 0-1 ปี เบิกมากกว่า 6 ครั้ง","","","","รายละเอียดการผิดพลาดของข้อมูล (รหัสติด C) — สสจ.ขอนแก่น รวบรวมจากระบบ e-Claim สปสช.","uckkpho.com/uc/1313","","0"
"ECLAIM","C215","สร้างเสริมป้องกัน/ทันตกรรม","ERROR","","การตรวจยืนยันภาวะพร่องไทรอยด์ฮอร์โมน (TSH) ผิดปกติ อายุ 2 ปี เบิกมากกว่า 2 ครั้ง","","","","รายละเอียดการผิดพลาดของข้อมูล (รหัสติด C) — สสจ.ขอนแก่น รวบรวมจากระบบ e-Claim สปสช.","uckkpho.com/uc/1313","","0"
"ECLAIM","C216","สร้างเสริมป้องกัน/ทันตกรรม","ERROR","","การตรวจยืนยันภาวะพร่องไทรอยด์ฮอร์โมน (TSH) ผิดปกติ อายุ 3 ปี เบิกมากกว่า 2 ครั้ง","","","","รายละเอียดการผิดพลาดของข้อมูล (รหัสติด C) — สสจ.ขอนแก่น รวบรวมจากระบบ e-Claim สปสช.","uckkpho.com/uc/1313","","0"
"ECLAIM","C217","สร้างเสริมป้องกัน/ทันตกรรม","ERROR","","การตรวจยืนยันภาวะพร่องไทรอยด์ฮอร์โมน (TSH) ผิดปกติ อายุ 4 ปี เบิกมากกว่า 2 ครั้ง","","","","รายละเอียดการผิดพลาดของข้อมูล (รหัสติด C) — สสจ.ขอนแก่น รวบรวมจากระบบ e-Claim สปสช.","uckkpho.com/uc/1313","","0"
"ECLAIM","C300","การเงิน/Approve Code","ERROR","","รายการที่ขอเบิกไม่อยู่ในเงื่อนไขการจ่ายชดเชย ยอดจ่ายชดเชย = 0 บาท","","","","รายละเอียดการผิดพลาดของข้อมูล (รหัสติด C) — สสจ.ขอนแก่น รวบรวมจากระบบ e-Claim สปสช.","uckkpho.com/uc/1313","","1"
"ECLAIM","C301","การเงิน/Approve Code","ERROR","","ไม่มีค่าใช้จ่ายในการรักษา หรือ ค่ารักษาพยาบาลเป็นลบ","","","","รายละเอียดการผิดพลาดของข้อมูล (รหัสติด C) — สสจ.ขอนแก่น รวบรวมจากระบบ e-Claim สปสช.","uckkpho.com/uc/1313","","1"
"ECLAIM","C302","การเงิน/Approve Code","ERROR","","ไม่มีรายละเอียดค่าใช้จ่ายราย Item ในหน้าค่ารักษาพยาบาล","","","","รายละเอียดการผิดพลาดของข้อมูล (รหัสติด C) — สสจ.ขอนแก่น รวบรวมจากระบบ e-Claim สปสช.","uckkpho.com/uc/1313","","1"
"ECLAIM","C303","การเงิน/Approve Code","ERROR","","บันทึกรายการยา ไม่มีจำนวนที่ใช้ หรือขอเบิก","","","","รายละเอียดการผิดพลาดของข้อมูล (รหัสติด C) — สสจ.ขอนแก่น รวบรวมจากระบบ e-Claim สปสช.","uckkpho.com/uc/1313","","1"
"ECLAIM","C304","การเงิน/Approve Code","ERROR","","บันทึกค่าใช้จ่ายแบบสรุป ไม่มีรายละเอียดค่าใช้จ่ายราย Item ในหน้าค่ารักษาพยาบาล","","","","รายละเอียดการผิดพลาดของข้อมูล (รหัสติด C) — สสจ.ขอนแก่น รวบรวมจากระบบ e-Claim สปสช.","uckkpho.com/uc/1313","","1"
"ECLAIM","C305","การเงิน/Approve Code","ERROR","","Approve Code ที่บันทึกเบิกในโปรแกรม e-Claim ไม่ตรงกันฐานข้อมูลของหน่วยบริการ","","","","รายละเอียดการผิดพลาดของข้อมูล (รหัสติด C) — สสจ.ขอนแก่น รวบรวมจากระบบ e-Claim สปสช.","uckkpho.com/uc/1313","","1"
"ECLAIM","C306","การเงิน/Approve Code","ERROR","","ค่าใช้จ่ายที่บันทึกเบิก ใน e-Claim ไม่ตรงกับค่าใช้จ่ายในฐานข้อมูลของหน่วยบริการ","","","","รายละเอียดการผิดพลาดของข้อมูล (รหัสติด C) — สสจ.ขอนแก่น รวบรวมจากระบบ e-Claim สปสช.","uckkpho.com/uc/1313","","1"
"ECLAIM","C307","การเงิน/Approve Code","ERROR","","ไม่บันทึกเลข Approve Code หรือ เลข Approve Code ที่บันทึกในโปรแกรม e-Claim ไม่พบในฐานข้อมูลของหน่วยบริการ","","","","รายละเอียดการผิดพลาดของข้อมูล (รหัสติด C) — สสจ.ขอนแก่น รวบรวมจากระบบ e-Claim สปสช.","uckkpho.com/uc/1313","","1"
"ECLAIM","C308","การเงิน/Approve Code","ERROR","","วันที่ออก Approve Code หลังวันรับบริการ","","","","รายละเอียดการผิดพลาดของข้อมูล (รหัสติด C) — สสจ.ขอนแก่น รวบรวมจากระบบ e-Claim สปสช.","uckkpho.com/uc/1313","","1"
"ECLAIM","C309","การเงิน/Approve Code","ERROR","","ไม่มีรหัสเบิกหมวด 6 หมวด 7 หน้าค่ารักษาพยาบาล","","","","รายละเอียดการผิดพลาดของข้อมูล (รหัสติด C) — สสจ.ขอนแก่น รวบรวมจากระบบ e-Claim สปสช.","uckkpho.com/uc/1313","","1"
"ECLAIM","C310","COVID-19","ERROR","","บันทึกเบิกรหัสรับส่งต่อผู้ป่วย COVID (COVV01) แต่ไม่มีรหัสค่ารถรับส่งต่อ (S1801,S1802)","","","","รายละเอียดการผิดพลาดของข้อมูล (รหัสติด C) — สสจ.ขอนแก่น รวบรวมจากระบบ e-Claim สปสช.","uckkpho.com/uc/1313","","1"
"ECLAIM","C311","COVID-19","ERROR","","มีการบันทึกเบิกค่าพาหนะ และค่าชุด PPE รวมค่าทำความสะอาดฆ่าเชื้อพาหนะ แต่ไม่ระบุสถานที่รับ-ส่งต่อ","","","","รายละเอียดการผิดพลาดของข้อมูล (รหัสติด C) — สสจ.ขอนแก่น รวบรวมจากระบบ e-Claim สปสช.","uckkpho.com/uc/1313","","1"
"ECLAIM","C312","COVID-19","ERROR","","บันทึกเบิกค่าห้อง มากกว่าจำนวนวันนอน","","","","รายละเอียดการผิดพลาดของข้อมูล (รหัสติด C) — สสจ.ขอนแก่น รวบรวมจากระบบ e-Claim สปสช.","uckkpho.com/uc/1313","","1"
"ECLAIM","C313","COVID-19","ERROR","","บันทึกรหัสโครงการพิเศษ SCRCOV แต่ไม่มีการเก็บตัวอย่างส่งตรวจ หรือการตรวจ Lab","","","","รายละเอียดการผิดพลาดของข้อมูล (รหัสติด C) — สสจ.ขอนแก่น รวบรวมจากระบบ e-Claim สปสช.","uckkpho.com/uc/1313","","1"
"ECLAIM","C314","COVID-19","ERROR","","ไม่มีรหัสโรค หรือรหัสโครงการพิเศษ กรณีการตรวจคัดกรอง COVID19","","","","รายละเอียดการผิดพลาดของข้อมูล (รหัสติด C) — สสจ.ขอนแก่น รวบรวมจากระบบ e-Claim สปสช.","uckkpho.com/uc/1313","","1"
"ECLAIM","C315","COVID-19","ERROR","","รหัสโรค หรือรหัสโครงการพิเศษไม่สอดคล้องกับการเบิกรหัสรายการที่เกี่ยวข้องกับ COVID19","","","","รายละเอียดการผิดพลาดของข้อมูล (รหัสติด C) — สสจ.ขอนแก่น รวบรวมจากระบบ e-Claim สปสช.","uckkpho.com/uc/1313","","1"
"ECLAIM","C316","COVID-19","ERROR","","เป็นหน่วยบริการที่ไม่สามารถเบิกรายการที่เกี่ยวข้องกับ COVID19 ได้","","","","รายละเอียดการผิดพลาดของข้อมูล (รหัสติด C) — สสจ.ขอนแก่น รวบรวมจากระบบ e-Claim สปสช.","uckkpho.com/uc/1313","","1"
"ECLAIM","C317","COVID-19","ERROR","","เบิกค่าตรวจ lab covid แต่ไม่บันทึกผลการตรวจ","","","","รายละเอียดการผิดพลาดของข้อมูล (รหัสติด C) — สสจ.ขอนแก่น รวบรวมจากระบบ e-Claim สปสช.","uckkpho.com/uc/1313","","1"
"ECLAIM","C318","COVID-19","ERROR","","เบิกค่าตรวจ lab covid ไม่ระบุหน่วยบริการที่ส่งตรวจ","","","","รายละเอียดการผิดพลาดของข้อมูล (รหัสติด C) — สสจ.ขอนแก่น รวบรวมจากระบบ e-Claim สปสช.","uckkpho.com/uc/1313","","1"
"ECLAIM","C319","COVID-19","ERROR","","เบิกกรณี Screening covid19 เลือกสิทธิประโยชน์ไม่ถูกต้อง","","","","รายละเอียดการผิดพลาดของข้อมูล (รหัสติด C) — สสจ.ขอนแก่น รวบรวมจากระบบ e-Claim สปสช.","uckkpho.com/uc/1313","","1"
"ECLAIM","C320","COVID-19","ERROR","","บันทึกเบิกค่าชุด PPE แต่ไม่มีการตรวจ lab","","","","รายละเอียดการผิดพลาดของข้อมูล (รหัสติด C) — สสจ.ขอนแก่น รวบรวมจากระบบ e-Claim สปสช.","uckkpho.com/uc/1313","","1"
"ECLAIM","C321","COVID-19","ERROR","","การเบิกกรณี Screening covid ของสิทธิประกันสังคมบันทึกรหัสหน่วยบริการที่รักษาไม่ถูกต้อง","","","","รายละเอียดการผิดพลาดของข้อมูล (รหัสติด C) — สสจ.ขอนแก่น รวบรวมจากระบบ e-Claim สปสช.","uckkpho.com/uc/1313","","1"
"ECLAIM","C322","COVID-19","ERROR","","ไม่ใช่ผู้มีสัญชาติไทย ไม่สามารถเบิกกรณีคัดกรอง covid19 จากสำนักงานหลักประกันสุขภาพแห่งชาติได้ (Project =SCRCOV)","","","","รายละเอียดการผิดพลาดของข้อมูล (รหัสติด C) — สสจ.ขอนแก่น รวบรวมจากระบบ e-Claim สปสช.","uckkpho.com/uc/1313","","1"
"ECLAIM","C323","COVID-19","ERROR","","บันทึกเบิกกรณีการรักษา covid19 แต่ไม่ใช่หน่วยบริการในระบบ UC หรือ สถานพยาบาลในระบบเบิกจ่ายตรงของกรมบัญชีกลาง หรือ อปท.","","","","รายละเอียดการผิดพลาดของข้อมูล (รหัสติด C) — สสจ.ขอนแก่น รวบรวมจากระบบ e-Claim สปสช.","uckkpho.com/uc/1313","","1"
"ECLAIM","C324","COVID-19","ERROR","","บันทึกรหัสเบิกกรณีการคัดกรอง covid19 ไม่ถูกต้องตามเงื่อนไขที่กำหนด","","","","รายละเอียดการผิดพลาดของข้อมูล (รหัสติด C) — สสจ.ขอนแก่น รวบรวมจากระบบ e-Claim สปสช.","uckkpho.com/uc/1313","","1"
"ECLAIM","C325","COVID-19","ERROR","","บันทึก Project code SCRCOV แต่ไม่มีรายการ Lab Screening","","","","รายละเอียดการผิดพลาดของข้อมูล (รหัสติด C) — สสจ.ขอนแก่น รวบรวมจากระบบ e-Claim สปสช.","uckkpho.com/uc/1313","","1"
"ECLAIM","C326","COVID-19","ERROR","","รายการ Lab Screening ที่บันทึกเบิกไม่อยู่ในสิทธิประโยชน์ของประกันสังคม","","","","รายละเอียดการผิดพลาดของข้อมูล (รหัสติด C) — สสจ.ขอนแก่น รวบรวมจากระบบ e-Claim สปสช.","uckkpho.com/uc/1313","","1"
"ECLAIM","C327","COVID-19","ERROR","","ข้อมูลให้บริการเชิงรุก เลือกเงือนไขการเรียกเก็บไม่ถูกต้อง","","","","รายละเอียดการผิดพลาดของข้อมูล (รหัสติด C) — สสจ.ขอนแก่น รวบรวมจากระบบ e-Claim สปสช.","uckkpho.com/uc/1313","","1"
"ECLAIM","C328","COVID-19","ERROR","","เบิกรายการ Lab คัดกรอง covid มากกว่า 1 รหัส","","","","รายละเอียดการผิดพลาดของข้อมูล (รหัสติด C) — สสจ.ขอนแก่น รวบรวมจากระบบ e-Claim สปสช.","uckkpho.com/uc/1313","","1"
"ECLAIM","C329","COVID-19","ERROR","","บันทึกเบิกชุด PPE ร่วมกับค่าบริการเกี่ยวกับกระบวนการ หรืออุปกรณ์อื่นเพื่อป้องกันการแพร่กระจายเชื้อ","","","","รายละเอียดการผิดพลาดของข้อมูล (รหัสติด C) — สสจ.ขอนแก่น รวบรวมจากระบบ e-Claim สปสช.","uckkpho.com/uc/1313","","1"
"ECLAIM","C330","COVID-19","ERROR","","บันทึกรหัสเบิกไม่ถูกต้อง กรณีการตรวจ Covid19 เชิงรุก","","","","รายละเอียดการผิดพลาดของข้อมูล (รหัสติด C) — สสจ.ขอนแก่น รวบรวมจากระบบ e-Claim สปสช.","uckkpho.com/uc/1313","","1"
"ECLAIM","C331","จักษุ/ตรวจวินิจฉัยราคาแพง","ERROR","","บันทึกเบิกเลนส์แก้วตาเทียมแต่ไม่ได้บันทึก Serail Number","","","","รายละเอียดการผิดพลาดของข้อมูล (รหัสติด C) — สสจ.ขอนแก่น รวบรวมจากระบบ e-Claim สปสช.","uckkpho.com/uc/1313","","1"
"ECLAIM","C332","จักษุ/ตรวจวินิจฉัยราคาแพง","ERROR","","บันทึกหัตถการไม่สอดคล้องกับการเบิกเลนส์แก้วตาเทียม","","","","รายละเอียดการผิดพลาดของข้อมูล (รหัสติด C) — สสจ.ขอนแก่น รวบรวมจากระบบ e-Claim สปสช.","uckkpho.com/uc/1313","","1"
"ECLAIM","C333","จักษุ/ตรวจวินิจฉัยราคาแพง","ERROR","","รหัสโรคไม่ถูกต้องกรณีเบิกชดเชยการผ่าตัดต้อกระจก","","","","รายละเอียดการผิดพลาดของข้อมูล (รหัสติด C) — สสจ.ขอนแก่น รวบรวมจากระบบ e-Claim สปสช.","uckkpho.com/uc/1313","","1"
"ECLAIM","C334","จักษุ/ตรวจวินิจฉัยราคาแพง","ERROR","","ไม่ใช่ DRG ในกลุ่ม Cataract ที่กำหนด","","","","รายละเอียดการผิดพลาดของข้อมูล (รหัสติด C) — สสจ.ขอนแก่น รวบรวมจากระบบ e-Claim สปสช.","uckkpho.com/uc/1313","","1"
"ECLAIM","C335","จักษุ/ตรวจวินิจฉัยราคาแพง","ERROR","","รหัสหัตถการไม่ถูกต้องกรณีเบิกชดเชยการผ่าตัดต้อกระจก","","","","รายละเอียดการผิดพลาดของข้อมูล (รหัสติด C) — สสจ.ขอนแก่น รวบรวมจากระบบ e-Claim สปสช.","uckkpho.com/uc/1313","","1"
"ECLAIM","C336","จักษุ/ตรวจวินิจฉัยราคาแพง","ERROR","","บันทึกเบิกกรณีผ่าตัดตาต้อกระจกแต่อายุน้อยกว่า 40 ปี","","","","รายละเอียดการผิดพลาดของข้อมูล (รหัสติด C) — สสจ.ขอนแก่น รวบรวมจากระบบ e-Claim สปสช.","uckkpho.com/uc/1313","","1"
"ECLAIM","C337","จักษุ/ตรวจวินิจฉัยราคาแพง","ERROR","","ให้รหัสโรคหลัก (Pdx.) ไม่ถูกต้อง","","","","รายละเอียดการผิดพลาดของข้อมูล (รหัสติด C) — สสจ.ขอนแก่น รวบรวมจากระบบ e-Claim สปสช.","uckkpho.com/uc/1313","","1"
"ECLAIM","C338","จักษุ/ตรวจวินิจฉัยราคาแพง","ERROR","","ไม่ใช่หน่วยบริการกรณี Conea Transplant","","","","รายละเอียดการผิดพลาดของข้อมูล (รหัสติด C) — สสจ.ขอนแก่น รวบรวมจากระบบ e-Claim สปสช.","uckkpho.com/uc/1313","","1"
"ECLAIM","C339","จักษุ/ตรวจวินิจฉัยราคาแพง","ERROR","","ให้รหัสโรคที่ระบุระดับสายตา (กลุ่ม H54-) ไม่ถูกต้อง","","","","รายละเอียดการผิดพลาดของข้อมูล (รหัสติด C) — สสจ.ขอนแก่น รวบรวมจากระบบ e-Claim สปสช.","uckkpho.com/uc/1313","","1"
"ECLAIM","C340","จักษุ/ตรวจวินิจฉัยราคาแพง","ERROR","","บันทึกเบิกกรณีผ่าตัดต้อกระจก แต่ให้รหัสโรคที่ยังไม่ระบุระดับสายตา","","","","รายละเอียดการผิดพลาดของข้อมูล (รหัสติด C) — สสจ.ขอนแก่น รวบรวมจากระบบ e-Claim สปสช.","uckkpho.com/uc/1313","","1"
"ECLAIM","C341","จักษุ/ตรวจวินิจฉัยราคาแพง","ERROR","","รหัสหัตถการไม่สอดคล้องกับการเบิกกรณีผ่าตัดเปลี่ยนกระจกตา","","","","รายละเอียดการผิดพลาดของข้อมูล (รหัสติด C) — สสจ.ขอนแก่น รวบรวมจากระบบ e-Claim สปสช.","uckkpho.com/uc/1313","","1"
"ECLAIM","C342","จักษุ/ตรวจวินิจฉัยราคาแพง","ERROR","","รหัสหัตถการไม่สอดคล้องกับการเบิกกรณีผ่าตัดเปลี่ยนกระจกตา","","","","รายละเอียดการผิดพลาดของข้อมูล (รหัสติด C) — สสจ.ขอนแก่น รวบรวมจากระบบ e-Claim สปสช.","uckkpho.com/uc/1313","","1"
"ECLAIM","C343","จักษุ/ตรวจวินิจฉัยราคาแพง","ERROR","","มีภาวะแทรกซ้อนจากการผ่าตัดต้อกระจก ไม่ระบุการทำหัตถการ","","","","รายละเอียดการผิดพลาดของข้อมูล (รหัสติด C) — สสจ.ขอนแก่น รวบรวมจากระบบ e-Claim สปสช.","uckkpho.com/uc/1313","","1"
"ECLAIM","C344","จักษุ/ตรวจวินิจฉัยราคาแพง","ERROR","","เบิกค่าบริการกรณีตรวจ Lab covid ที่ไม่อยู่ในสิทธิประโยชน์สิทธิข้าราชการ/อปท","","","","รายละเอียดการผิดพลาดของข้อมูล (รหัสติด C) — สสจ.ขอนแก่น รวบรวมจากระบบ e-Claim สปสช.","uckkpho.com/uc/1313","","1"
"ECLAIM","C345","จักษุ/ตรวจวินิจฉัยราคาแพง","ERROR","","เบิกกรณีการตรวจวินิจฉัยด้วยเพท-ซีที สแกน (PET/CT Scan) ไม่ตรงตามข้อบ่งชี้ที่กำหนด","","","","รายละเอียดการผิดพลาดของข้อมูล (รหัสติด C) — สสจ.ขอนแก่น รวบรวมจากระบบ e-Claim สปสช.","uckkpho.com/uc/1313","","1"
"ECLAIM","C346","จักษุ/ตรวจวินิจฉัยราคาแพง","ERROR","","ข้อมูลบริการก่อนวันที่กำหนดให้เบิกกรณีการตรวจวินิจฉัยด้วยเพท-ซีที สแกน (PET/CT Scan) ตามเงื่อนไขที่กำหนด","","","","รายละเอียดการผิดพลาดของข้อมูล (รหัสติด C) — สสจ.ขอนแก่น รวบรวมจากระบบ e-Claim สปสช.","uckkpho.com/uc/1313","","1"
"ECLAIM","C347","อุปกรณ์ผู้พิการ/COVID-19","ERROR","","เป็นหน่วยบริการที่ไม่มีศักยภาพในการเบิกรายการ Vaccine-induced immune thrombotic thrombocytopenia (VITT)","","","","รายละเอียดการผิดพลาดของข้อมูล (รหัสติด C) — สสจ.ขอนแก่น รวบรวมจากระบบ e-Claim สปสช.","uckkpho.com/uc/1313","","1"
"ECLAIM","C348","อุปกรณ์ผู้พิการ/COVID-19","ERROR","","ไม่ใช่หน่วยบริการรับส่งต่อทั่วไปไม่สามารถเบิกกรณี Home Isolation ได้","","","","รายละเอียดการผิดพลาดของข้อมูล (รหัสติด C) — สสจ.ขอนแก่น รวบรวมจากระบบ e-Claim สปสช.","uckkpho.com/uc/1313","","1"
"ECLAIM","C349","อุปกรณ์ผู้พิการ/COVID-19","ERROR","","ไม่พบข้อมูลการ Authentication","","","","รายละเอียดการผิดพลาดของข้อมูล (รหัสติด C) — สสจ.ขอนแก่น รวบรวมจากระบบ e-Claim สปสช.","uckkpho.com/uc/1313","","1"
"ECLAIM","C350","อุปกรณ์ผู้พิการ/COVID-19","ERROR","","เบิกรหัสรายการ Home Isolation หรือ Community Isolation แต่ไม่ใช่ผู้ติดเชื้อ Covid19","","","","รายละเอียดการผิดพลาดของข้อมูล (รหัสติด C) — สสจ.ขอนแก่น รวบรวมจากระบบ e-Claim สปสช.","uckkpho.com/uc/1313","","1"
"ECLAIM","C351","อุปกรณ์ผู้พิการ/COVID-19","ERROR","","เบิกค่าชุด/อุปการณ์/กระบวนการป้องกัน รหัส 045008 ไม่มีข้อมูลการดูแลผู้ป่วยกรณี Home Isolation หรือ Community Isolation","","","","รายละเอียดการผิดพลาดของข้อมูล (รหัสติด C) — สสจ.ขอนแก่น รวบรวมจากระบบ e-Claim สปสช.","uckkpho.com/uc/1313","","1"
"ECLAIM","C352","อุปกรณ์ผู้พิการ/COVID-19","ERROR","","ข้อมูลเบิกค่าฉีดวัคซีนเป็นบริการก่อนวันที่กำหนดให้เบิกผ่านโปรแกรม e-Claim","","","","รายละเอียดการผิดพลาดของข้อมูล (รหัสติด C) — สสจ.ขอนแก่น รวบรวมจากระบบ e-Claim สปสช.","uckkpho.com/uc/1313","","1"
"ECLAIM","C353","อุปกรณ์ผู้พิการ/COVID-19","ERROR","","เบิกค่าอุปกรณ์หรืออวัยวะในการบำบัดรักษา/กรณีจ่ายเพิ่มสำหรับคนพิการ ไม่ถูกต้องตามแนวทางที่กำหนด","","","","รายละเอียดการผิดพลาดของข้อมูล (รหัสติด C) — สสจ.ขอนแก่น รวบรวมจากระบบ e-Claim สปสช.","uckkpho.com/uc/1313","","1"
"ECLAIM","C354","อุปกรณ์ผู้พิการ/COVID-19","ERROR","","เบิกค่าอุปกรณ์/กรณีจ่ายเพิ่มสำหรับคนพิการ แต่ไม่พบสิทธิย่อยคนพิการ (ท.74)","","","","รายละเอียดการผิดพลาดของข้อมูล (รหัสติด C) — สสจ.ขอนแก่น รวบรวมจากระบบ e-Claim สปสช.","uckkpho.com/uc/1313","","1"
"ECLAIM","C355","อุปกรณ์ผู้พิการ/COVID-19","ERROR","","รายการ Instument ที่บันทึกเบิกถูกยกเลิกโดยกรมบัญชีกลาง","","","","รายละเอียดการผิดพลาดของข้อมูล (รหัสติด C) — สสจ.ขอนแก่น รวบรวมจากระบบ e-Claim สปสช.","uckkpho.com/uc/1313","","1"
"ECLAIM","C356","อุปกรณ์ผู้พิการ/COVID-19","ERROR","","เบิกอุปกรณ์ผู้พิการมากกว่า 1 รายการในวันเดียวกัน","","","","รายละเอียดการผิดพลาดของข้อมูล (รหัสติด C) — สสจ.ขอนแก่น รวบรวมจากระบบ e-Claim สปสช.","uckkpho.com/uc/1313","","1"
"ECLAIM","C357","อุปกรณ์ผู้พิการ/COVID-19","ERROR","","หน่วยบริการบันทึกเบิกอุปกรณ์ผู้พิการ ไม่ใช่หน่วยบริการในเขต กทม.","","","","รายละเอียดการผิดพลาดของข้อมูล (รหัสติด C) — สสจ.ขอนแก่น รวบรวมจากระบบ e-Claim สปสช.","uckkpho.com/uc/1313","","1"
"ECLAIM","C358","อุปกรณ์ผู้พิการ/COVID-19","ERROR","","เบิกอุปกรณ์รหัส 8301,8302 แต่ไม่ใช่สิทธิว่างจากกรณีหน่วยบริการถูกยกเลิกในเขต กทม.","","","","รายละเอียดการผิดพลาดของข้อมูล (รหัสติด C) — สสจ.ขอนแก่น รวบรวมจากระบบ e-Claim สปสช.","uckkpho.com/uc/1313","","1"
"ECLAIM","C359","อุปกรณ์ผู้พิการ/COVID-19","ERROR","","เบิกอุปกรณ์ผู้พิการกรณีเป็นผู้ป่วยใน","","","","รายละเอียดการผิดพลาดของข้อมูล (รหัสติด C) — สสจ.ขอนแก่น รวบรวมจากระบบ e-Claim สปสช.","uckkpho.com/uc/1313","","1"
"ECLAIM","C360","โครงการเขต/COVID-19","ERROR","","บันทึกรหัสโครงการพิเศษ R9OPCH เฉพาะหน่วยบริการในเขต 9 นครราชสีมาเท่านั้น","","","","รายละเอียดการผิดพลาดของข้อมูล (รหัสติด C) — สสจ.ขอนแก่น รวบรวมจากระบบ e-Claim สปสช.","uckkpho.com/uc/1313","","1"
"ECLAIM","C361","โครงการเขต/COVID-19","ERROR","","บันทึกรหัสโครงการพิเศษ R9OPCH หรือ R9OPFS แต่เป็นการให้บริการในหน่วยบริการประจำของผู้ป่วย","","","","รายละเอียดการผิดพลาดของข้อมูล (รหัสติด C) — สสจ.ขอนแก่น รวบรวมจากระบบ e-Claim สปสช.","uckkpho.com/uc/1313","","1"
"ECLAIM","C362","โครงการเขต/COVID-19","ERROR","","บันทึกรหัสโครงการพิเศษ R9OPCH แต่เป็นการให้บริการข้ามจังหวัดกับหน่วยบริการประจำ","","","","รายละเอียดการผิดพลาดของข้อมูล (รหัสติด C) — สสจ.ขอนแก่น รวบรวมจากระบบ e-Claim สปสช.","uckkpho.com/uc/1313","","1"
"ECLAIM","C363","โครงการเขต/COVID-19","ERROR","","บันทึกรหัสโครงการพิเศษ R9OPFS เฉพาะหน่วยบริการในเขต 9 นครราชสีมาเท่านั้น","","","","รายละเอียดการผิดพลาดของข้อมูล (รหัสติด C) — สสจ.ขอนแก่น รวบรวมจากระบบ e-Claim สปสช.","uckkpho.com/uc/1313","","1"
"ECLAIM","C364","โครงการเขต/COVID-19","ERROR","","บันทึกเงื่อนไขการเรียกเก็บเป็น OP Refer เป็นการให้บริการในจังหวัด","","","","รายละเอียดการผิดพลาดของข้อมูล (รหัสติด C) — สสจ.ขอนแก่น รวบรวมจากระบบ e-Claim สปสช.","uckkpho.com/uc/1313","","1"
"ECLAIM","C365","โครงการเขต/COVID-19","ERROR","","บันทึกรหัสโครงการพิเศษ R9OPFS หรือ R9OPCH แต่ตรวจสอบสิทธิเป็นผู้ป่วยที่เปลี่ยนหน่วยบริการทันที","","","","รายละเอียดการผิดพลาดของข้อมูล (รหัสติด C) — สสจ.ขอนแก่น รวบรวมจากระบบ e-Claim สปสช.","uckkpho.com/uc/1313","","1"
"ECLAIM","C366","โครงการเขต/COVID-19","ERROR","","บันทึกรหัสโครงการพิเศษ R9OPFS แต่เป็นกรณีการส่งต่อข้ามจังหวัด","","","","รายละเอียดการผิดพลาดของข้อมูล (รหัสติด C) — สสจ.ขอนแก่น รวบรวมจากระบบ e-Claim สปสช.","uckkpho.com/uc/1313","","1"
"ECLAIM","C367","โครงการเขต/COVID-19","ERROR","","บันทึกข้อมูลเบิกไม่ถูกต้อง กรณีการเจ็บป่วยที่เป็นอุบัติเหตุ (รหัสโรค S หรือ T)","","","","รายละเอียดการผิดพลาดของข้อมูล (รหัสติด C) — สสจ.ขอนแก่น รวบรวมจากระบบ e-Claim สปสช.","uckkpho.com/uc/1313","","1"
"ECLAIM","C368","โครงการเขต/COVID-19","ERROR","","ข้อมูลให้บริการปฐมภูมิที่ไหนก็ได้ เขต 7 บันทึกเบิกไม่ถูกต้องตามเงื่อนไขที่กำหนด","","","","รายละเอียดการผิดพลาดของข้อมูล (รหัสติด C) — สสจ.ขอนแก่น รวบรวมจากระบบ e-Claim สปสช.","uckkpho.com/uc/1313","","1"
"ECLAIM","C369","โครงการเขต/COVID-19","ERROR","","บันทึกเบิกกรณีให้บริการปฐมภูมิที่ไหนก็ได้ เขต 7 (R7OPNC) รหัสโรคไม่ตรงตามเงื่อนไขที่กำหนด","","","","รายละเอียดการผิดพลาดของข้อมูล (รหัสติด C) — สสจ.ขอนแก่น รวบรวมจากระบบ e-Claim สปสช.","uckkpho.com/uc/1313","","1"
"ECLAIM","C370","โครงการเขต/COVID-19","ERROR","","ข้อมูลการเบิกของหน่วยบริการปฐมภูมิไม่เข้าเกณฑ์การเบิกจ่ายผ่านระบบโปรแกรม e-Claim","","","","รายละเอียดการผิดพลาดของข้อมูล (รหัสติด C) — สสจ.ขอนแก่น รวบรวมจากระบบ e-Claim สปสช.","uckkpho.com/uc/1313","","1"
"ECLAIM","C371","โครงการเขต/COVID-19","ERROR","","ไม่เข้าเกณฑ์การเบิกอุบัติเหตุฉุกเฉินข้ามจังหวัด","","","","รายละเอียดการผิดพลาดของข้อมูล (รหัสติด C) — สสจ.ขอนแก่น รวบรวมจากระบบ e-Claim สปสช.","uckkpho.com/uc/1313","","1"
"ECLAIM","C372","โครงการเขต/COVID-19","ERROR","","ข้อมูลผู้ป่วยนอกในเขตภาคอีสานไม่เข้าเกณฑ์การเบิกจ่ายในโปรแกรม e-Claim","","","","รายละเอียดการผิดพลาดของข้อมูล (รหัสติด C) — สสจ.ขอนแก่น รวบรวมจากระบบ e-Claim สปสช.","uckkpho.com/uc/1313","","1"
"ECLAIM","C373","โครงการเขต/COVID-19","ERROR","","บันทึกเบิกค่าดูแลผู้ป่วย Covid19 ที่บ้าน (COVR05) ร่วมกับ ค่าดูแลผู้ป่วย Covid19 ในชุมชน (COVR06) หรือข้อมูลรับบริการตั้งแต่ 1 มีนาคม 2565 มีข้อมูลเบิกรหัสเหมาจ่าย COVR14,COVR15,COVR16,COVR17 หรือ COVR22 มาพร้อมกัน","","","","รายละเอียดการผิดพลาดของข้อมูล (รหัสติด C) — สสจ.ขอนแก่น รวบรวมจากระบบ e-Claim สปสช.","uckkpho.com/uc/1313","","1"
"ECLAIM","C374","โครงการเขต/COVID-19","ERROR","","เบิกค่ารถรับจากที่พักแต่ไม่ใช่ผู้ป่วยติดเชื้อ Covid19","","","","รายละเอียดการผิดพลาดของข้อมูล (รหัสติด C) — สสจ.ขอนแก่น รวบรวมจากระบบ e-Claim สปสช.","uckkpho.com/uc/1313","","1"
"ECLAIM","C375","โครงการเขต/COVID-19","ERROR","","เบิกค่าอุปกรณ์สำหรับผู้ป่วย Covid19 ที่บ้าน หรือชุมชน แต่ไม่มีการให้บริการที่บ้านหรือชุมชน","","","","รายละเอียดการผิดพลาดของข้อมูล (รหัสติด C) — สสจ.ขอนแก่น รวบรวมจากระบบ e-Claim สปสช.","uckkpho.com/uc/1313","","1"
"ECLAIM","C376","โครงการเขต/COVID-19","ERROR","","เบิกรายการ x-ray ผู้ป่วยนอก ไม่เป็นไปตามเงื่อนไขการเบิกกรณีผู้ป่วย Covid19","","","","รายละเอียดการผิดพลาดของข้อมูล (รหัสติด C) — สสจ.ขอนแก่น รวบรวมจากระบบ e-Claim สปสช.","uckkpho.com/uc/1313","","1"
"ECLAIM","C377","โครงการเขต/COVID-19","ERROR","","เบิกค่าออกซิเจนไม่สัมพันธ์กับจำนวนวันที่ดูแลผู้ป่วย HI/CI","","","","รายละเอียดการผิดพลาดของข้อมูล (รหัสติด C) — สสจ.ขอนแก่น รวบรวมจากระบบ e-Claim สปสช.","uckkpho.com/uc/1313","","1"
"ECLAIM","C378","โครงการเขต/COVID-19","ERROR","","บันทึกรหัสเบิกกรณีโควิด 19 ไม่ตรงตามสิทธิประโยชน์","","","","รายละเอียดการผิดพลาดของข้อมูล (รหัสติด C) — สสจ.ขอนแก่น รวบรวมจากระบบ e-Claim สปสช.","uckkpho.com/uc/1313","","1"
"ECLAIM","C379","โครงการเขต/COVID-19","ERROR","","บันทึกเบิกค่าใช้จ่ายการแพร่กระจายเชื้อสำหรับบุคลากรที่จัดการศพผู้เสียชีวิตด้วยโรคโควิด-19 ร่วมกับการการตรวจคัดกรองโรคโควิด-19","","","","รายละเอียดการผิดพลาดของข้อมูล (รหัสติด C) — สสจ.ขอนแก่น รวบรวมจากระบบ e-Claim สปสช.","uckkpho.com/uc/1313","","1"
"ECLAIM","C380","โครงการเขต/COVID-19","ERROR","","บันทึกเบิกค่าใช้จ่ายการแพร่กระจายเชื้อสำหรับบุคลากรที่จัดการศพผู้เสียชีวิตด้วยโรคโควิด-19 ในผู้ป่วยที่ยังไม่เสียชีวิต","","","","รายละเอียดการผิดพลาดของข้อมูล (รหัสติด C) — สสจ.ขอนแก่น รวบรวมจากระบบ e-Claim สปสช.","uckkpho.com/uc/1313","","1"
"ECLAIM","C381","โครงการเขต/COVID-19","ERROR","","บันทึกรหัสเบิกไม่ถูกต้องตรงตามเงื่อนไข หรืออัตราจ่ายที่กำหนด หรือเป็นรหัสเบิกที่ถูกยกเลิก","","","","รายละเอียดการผิดพลาดของข้อมูล (รหัสติด C) — สสจ.ขอนแก่น รวบรวมจากระบบ e-Claim สปสช.","uckkpho.com/uc/1313","","1"
"ECLAIM","C382","โครงการเขต/COVID-19","ERROR","","รหัสโรค หรือรหัสหัตถการไม่สอดคล้องกับค่าห้องผู้ป่วยโควิด19 (เขียว เหลือง แดง)","","","","รายละเอียดการผิดพลาดของข้อมูล (รหัสติด C) — สสจ.ขอนแก่น รวบรวมจากระบบ e-Claim สปสช.","uckkpho.com/uc/1313","","1"
"ECLAIM","C383","โครงการเขต/COVID-19","ERROR","","รหัสโรค หรือรหัสหัตถการไม่สอดคล้องกับค่าชุด PPE โควิด19 (เขียว เหลือง แดง แดงเข้ม)","","","","รายละเอียดการผิดพลาดของข้อมูล (รหัสติด C) — สสจ.ขอนแก่น รวบรวมจากระบบ e-Claim สปสช.","uckkpho.com/uc/1313","","1"
"ECLAIM","C384","โครงการเขต/COVID-19","ERROR","","บันทึกเบิกรหัส 9302(HI) และ 9303(CI) มาใน VISIT เดียวกัน","","","","รายละเอียดการผิดพลาดของข้อมูล (รหัสติด C) — สสจ.ขอนแก่น รวบรวมจากระบบ e-Claim สปสช.","uckkpho.com/uc/1313","","1"
"ECLAIM","C385","โครงการเขต/COVID-19","ERROR","","เบิกชดเชยการเก็บ specimen ทุกรูปแบบซ้ำซ้อนใน 24 ชั่วโมง ใน PID เดียวกัน","","","","รายละเอียดการผิดพลาดของข้อมูล (รหัสติด C) — สสจ.ขอนแก่น รวบรวมจากระบบ e-Claim สปสช.","uckkpho.com/uc/1313","","1"
"ECLAIM","C386","โครงการเขต/COVID-19","ERROR","","เบิกชดเชยการค่า lab ทุกรูปแบบซ้ำซ้อนใน 24 ชั่วโมง ใน PID เดียวกัน ที่มีผลเป็น Negative","","","","รายละเอียดการผิดพลาดของข้อมูล (รหัสติด C) — สสจ.ขอนแก่น รวบรวมจากระบบ e-Claim สปสช.","uckkpho.com/uc/1313","","1"
"ECLAIM","C387","โครงการเขต/COVID-19","ERROR","","เบิกชดเชยค่า lab RT-PCR ซ้ำซ้อน ใน PID ที่ได้รับการจ่ายชดเชยค่า RT-PCR ไปแล้ว ในช่วงเวลา 3 วัน","","","","รายละเอียดการผิดพลาดของข้อมูล (รหัสติด C) — สสจ.ขอนแก่น รวบรวมจากระบบ e-Claim สปสช.","uckkpho.com/uc/1313","","1"
"ECLAIM","C388","โครงการเขต/COVID-19","ERROR","","เบิกชดเชยค่า lab RT-PCR ซ้ำซ้อน ใน PID ที่ได้รับการจ่ายชดเชยค่า RT-PCR ซ้ำซ้อนใน 24 ชั่วโมง ใน PID เดียวกัน","","","","รายละเอียดการผิดพลาดของข้อมูล (รหัสติด C) — สสจ.ขอนแก่น รวบรวมจากระบบ e-Claim สปสช.","uckkpho.com/uc/1313","","1"
"ECLAIM","C389","โครงการเขต/COVID-19","ERROR","","เบิกรหัส COVR22 หรือ 9902 : ค่าบริการดูแลรักษา แบบผู้ป่วยนอกและแยกกักตัวที่บ้าน (OP self Isolation) ซ้ำภายใน 90 วัน ในผู้ป่วยรายเดียวกัน","","","","รายละเอียดการผิดพลาดของข้อมูล (รหัสติด C) — สสจ.ขอนแก่น รวบรวมจากระบบ e-Claim สปสช.","uckkpho.com/uc/1313","","1"
"ECLAIM","C390","โครงการเขต/COVID-19","ERROR","","เบิกกรณี OP Self Isolation หลัง 48 ชม. (รหัส COVR23 หรือ 55080) ไม่มีรหัสการดูแลก่อน 48 ชม (รหัส COVR22 หรือ 9902) หรือ ระยะเวลาที่ดูแลยังไม่ครบ 48 ชม. หรือ ดูแลมากกว่า 168 ชม.","","","","รายละเอียดการผิดพลาดของข้อมูล (รหัสติด C) — สสจ.ขอนแก่น รวบรวมจากระบบ e-Claim สปสช.","uckkpho.com/uc/1313","","1"
"ECLAIM","C391","โครงการเขต/COVID-19","ERROR","","เบิกรหัส COVR24,COVR25 แต่ไม่ใช่ร้านขายยา","","","","รายละเอียดการผิดพลาดของข้อมูล (รหัสติด C) — สสจ.ขอนแก่น รวบรวมจากระบบ e-Claim สปสช.","uckkpho.com/uc/1313","","1"
"ECLAIM","C392","โครงการเขต/COVID-19","ERROR","","รหัสโรค หรือรหัสหัตถการไม่สอดคล้องกับค่าห้องผู้ป่วยโควิด19 (เขียว เหลือง แดง)","","","","รายละเอียดการผิดพลาดของข้อมูล (รหัสติด C) — สสจ.ขอนแก่น รวบรวมจากระบบ e-Claim สปสช.","uckkpho.com/uc/1313","","1"
"ECLAIM","C393","โครงการเขต/COVID-19","ERROR","","บันทึกเบิกโควิด 19 กรณี HI, CI, เหมาจ่าย, OP SELF ซ้ำใน 90 วัน ในผู้ป่วยรายเดียวกัน","","","","รายละเอียดการผิดพลาดของข้อมูล (รหัสติด C) — สสจ.ขอนแก่น รวบรวมจากระบบ e-Claim สปสช.","uckkpho.com/uc/1313","","1"
"ECLAIM","C421","ทันตกรรม/วางแผนครอบครัว/SNAP","ERROR","","อายุไม่ตรงตามเงื่อนไขที่กำหนด กรณีเบิกบริการเคลือบฟลูออไรด์เฉพาะที่ สำหรับเด็ก","","","","รายละเอียดการผิดพลาดของข้อมูล (รหัสติด C) — สสจ.ขอนแก่น รวบรวมจากระบบ e-Claim สปสช.","uckkpho.com/uc/1313","","1"
"ECLAIM","C422","ทันตกรรม/วางแผนครอบครัว/SNAP","ERROR","","รหัสโรคไม่ถูกต้องกรณีฝากครรภ์","","","","รายละเอียดการผิดพลาดของข้อมูล (รหัสติด C) — สสจ.ขอนแก่น รวบรวมจากระบบ e-Claim สปสช.","uckkpho.com/uc/1313","","1"
"ECLAIM","C423","ทันตกรรม/วางแผนครอบครัว/SNAP","ERROR","","รหัสโรคไม่ถูกต้อง Family planing","","","","รายละเอียดการผิดพลาดของข้อมูล (รหัสติด C) — สสจ.ขอนแก่น รวบรวมจากระบบ e-Claim สปสช.","uckkpho.com/uc/1313","","1"
"ECLAIM","C424","ทันตกรรม/วางแผนครอบครัว/SNAP","ERROR","","อายุไม่ถูกต้อง กรณี Family planing","","","","รายละเอียดการผิดพลาดของข้อมูล (รหัสติด C) — สสจ.ขอนแก่น รวบรวมจากระบบ e-Claim สปสช.","uckkpho.com/uc/1313","","1"
"ECLAIM","C425","ทันตกรรม/วางแผนครอบครัว/SNAP","ERROR","","รหัสหัตถการกรณีวางแผนครอบครัวไม่ถูกต้อง","","","","รายละเอียดการผิดพลาดของข้อมูล (รหัสติด C) — สสจ.ขอนแก่น รวบรวมจากระบบ e-Claim สปสช.","uckkpho.com/uc/1313","","1"
"ECLAIM","C426","ทันตกรรม/วางแผนครอบครัว/SNAP","ERROR","","ไม่มีสิทธิกรณีวางแผนครอบครัว","","","","รายละเอียดการผิดพลาดของข้อมูล (รหัสติด C) — สสจ.ขอนแก่น รวบรวมจากระบบ e-Claim สปสช.","uckkpho.com/uc/1313","","1"
"ECLAIM","C427","ทันตกรรม/วางแผนครอบครัว/SNAP","ERROR","","เบิกกรณีคุมกำเนิดในวัยรุ่น อายุไม่อยู่ในช่วง 8-20 ปี (ปีงบฯ 61)","","","","รายละเอียดการผิดพลาดของข้อมูล (รหัสติด C) — สสจ.ขอนแก่น รวบรวมจากระบบ e-Claim สปสช.","uckkpho.com/uc/1313","","1"
"ECLAIM","C428","ทันตกรรม/วางแผนครอบครัว/SNAP","ERROR","","เบิกกรณีคุมกำเนิดในวัยรุ่น มากกว่า 1 รายการ และมากกว่า 1 ครั้งต่อปีงบประมาณในสถานพยาบาลเดียวกัน","","","","รายละเอียดการผิดพลาดของข้อมูล (รหัสติด C) — สสจ.ขอนแก่น รวบรวมจากระบบ e-Claim สปสช.","uckkpho.com/uc/1313","","1"
"ECLAIM","C429","ทันตกรรม/วางแผนครอบครัว/SNAP","ERROR","","เป็นการเบิกกรณีคุมกำเนิดในวัยรุ่น ที่รับบริการหรือจำหน่ายก่อน 1 ต.ค 57","","","","รายละเอียดการผิดพลาดของข้อมูล (รหัสติด C) — สสจ.ขอนแก่น รวบรวมจากระบบ e-Claim สปสช.","uckkpho.com/uc/1313","","1"
"ECLAIM","C430","ทันตกรรม/วางแผนครอบครัว/SNAP","ERROR","","หน่วยบริการและสถานบริการที่ขึ้นทะเบียนกับ สปสช. เขต กทม. ยกเว้น รพ. สมุทรสาคร","","","","รายละเอียดการผิดพลาดของข้อมูล (รหัสติด C) — สสจ.ขอนแก่น รวบรวมจากระบบ e-Claim สปสช.","uckkpho.com/uc/1313","","1"
"ECLAIM","C431","ทันตกรรม/วางแผนครอบครัว/SNAP","ERROR","","ไม่ใช่หน่วยบริการที่อยู่ในระบบ UC","","","","รายละเอียดการผิดพลาดของข้อมูล (รหัสติด C) — สสจ.ขอนแก่น รวบรวมจากระบบ e-Claim สปสช.","uckkpho.com/uc/1313","","1"
"ECLAIM","C432","ทันตกรรม/วางแผนครอบครัว/SNAP","ERROR","","บันทึกข้อมูลเบิกไม่ตรงตามเงื่อนไขหน่วยบริการที่ขึ้นทะเบียนเป็นหน่วยบริการเฉพาะด้าน PCI","","","","รายละเอียดการผิดพลาดของข้อมูล (รหัสติด C) — สสจ.ขอนแก่น รวบรวมจากระบบ e-Claim สปสช.","uckkpho.com/uc/1313","","1"
"ECLAIM","C433","ทันตกรรม/วางแผนครอบครัว/SNAP","ERROR","","ไม่ใช่หน่วยบริการในระบบหลักประกันสุขภาพแห่งชาติ","","","","รายละเอียดการผิดพลาดของข้อมูล (รหัสติด C) — สสจ.ขอนแก่น รวบรวมจากระบบ e-Claim สปสช.","uckkpho.com/uc/1313","","1"
"ECLAIM","C434","ทันตกรรม/วางแผนครอบครัว/SNAP","ERROR","","เบิกกรณีคุมกำเนิดในวัยรุ่น ใน 1 รายการ มากกว่า 1 ครั้งต่อปีงบประมาณ","","","","รายละเอียดการผิดพลาดของข้อมูล (รหัสติด C) — สสจ.ขอนแก่น รวบรวมจากระบบ e-Claim สปสช.","uckkpho.com/uc/1313","","1"
"ECLAIM","C435","ทันตกรรม/วางแผนครอบครัว/SNAP","ERROR","","เลือก Project code SNAP การฟื้นฟูสมรรถภาพกึ่งเฉียบพลัน จำนวนวันนอนน้อยกว่า 4 วัน","","","","รายละเอียดการผิดพลาดของข้อมูล (รหัสติด C) — สสจ.ขอนแก่น รวบรวมจากระบบ e-Claim สปสช.","uckkpho.com/uc/1313","","1"
"ECLAIM","C436","ทันตกรรม/วางแผนครอบครัว/SNAP","ERROR","","เลือก Project code SNAP การฟื้นฟูสมรรถภาพกึ่งเฉียบพลันแต่ไม่ใช่หน่วยบริการที่กำหนด","","","","รายละเอียดการผิดพลาดของข้อมูล (รหัสติด C) — สสจ.ขอนแก่น รวบรวมจากระบบ e-Claim สปสช.","uckkpho.com/uc/1313","","1"
"ECLAIM","C437","ทันตกรรม/วางแผนครอบครัว/SNAP","ERROR","","เลือก Project code SNAP การฟื้นฟูสมรรถภาพกึ่งเฉียบพลันรหัสโรค/รหัสหัตถการไม่ตรงตามเงื่อนไขที่กำหนด","","","","รายละเอียดการผิดพลาดของข้อมูล (รหัสติด C) — สสจ.ขอนแก่น รวบรวมจากระบบ e-Claim สปสช.","uckkpho.com/uc/1313","","1"
"ECLAIM","C438","ทันตกรรม/วางแผนครอบครัว/SNAP","ERROR","","เลือกเงื่อนไขสิทธิประโยชน์ ไม่ตรงตามสิทธิที่พึงเบิกได้","","","","รายละเอียดการผิดพลาดของข้อมูล (รหัสติด C) — สสจ.ขอนแก่น รวบรวมจากระบบ e-Claim สปสช.","uckkpho.com/uc/1313","","1"
"ECLAIM","C439","ทันตกรรม/วางแผนครอบครัว/SNAP","ERROR","","กรณีที่เบิกไม่ตรงตามเงื่อนไขสิทธิประโยชน์ที่กำหนด","","","","รายละเอียดการผิดพลาดของข้อมูล (รหัสติด C) — สสจ.ขอนแก่น รวบรวมจากระบบ e-Claim สปสช.","uckkpho.com/uc/1313","","1"
"ECLAIM","C440","ทันตกรรม/วางแผนครอบครัว/SNAP","ERROR","","ใช้สิทธิ UC แต่ประเภทบัตรไม่ใช่บัตรประชาชน","","","","รายละเอียดการผิดพลาดของข้อมูล (รหัสติด C) — สสจ.ขอนแก่น รวบรวมจากระบบ e-Claim สปสช.","uckkpho.com/uc/1313","","1"
"ECLAIM","C441","ทันตกรรม/วางแผนครอบครัว/SNAP","ERROR","","เลือก Project code SNAP การฟื้นฟูสมรรถภาพกึ่งเฉียบพลัน ข้อมูลการรับบริการไม่อยู่ในช่วงเวลาที่กำหนด","","","","รายละเอียดการผิดพลาดของข้อมูล (รหัสติด C) — สสจ.ขอนแก่น รวบรวมจากระบบ e-Claim สปสช.","uckkpho.com/uc/1313","","1"
"ECLAIM","C442","โรคเฉพาะ/DMIS/หน่วยบริการ","ERROR","","กรณีโรคเฉพาะที่ขอเบิกไม่เป็นไปตามเงื่อนไขอุบัติเหตุฉุกเฉิน","","","","รายละเอียดการผิดพลาดของข้อมูล (รหัสติด C) — สสจ.ขอนแก่น รวบรวมจากระบบ e-Claim สปสช.","uckkpho.com/uc/1313","","1"
"ECLAIM","C443","โรคเฉพาะ/DMIS/หน่วยบริการ","ERROR","","เบิกยาละลายลิ่มเลือดในผู้ป่วย STROKE ไม่สอดคล้องกับปีงบประมาณ","","","","รายละเอียดการผิดพลาดของข้อมูล (รหัสติด C) — สสจ.ขอนแก่น รวบรวมจากระบบ e-Claim สปสช.","uckkpho.com/uc/1313","","1"
"ECLAIM","C444","โรคเฉพาะ/DMIS/หน่วยบริการ","ERROR","","เบิกยาละลายลิ่มเลือดในผู้ป่วย STROKE / STEMI แต่รหัส ICD-10 / ICD-9-CM ไม่สอดคล้องกับกรณีที่ขอเบิก","","","","รายละเอียดการผิดพลาดของข้อมูล (รหัสติด C) — สสจ.ขอนแก่น รวบรวมจากระบบ e-Claim สปสช.","uckkpho.com/uc/1313","","1"
"ECLAIM","C445","โรคเฉพาะ/DMIS/หน่วยบริการ","ERROR","","เลือกรหัสโครงการพิเศษ DMISRC แต่เป็นการให้บริการก่อน 1 ม.ค. 53","","","","รายละเอียดการผิดพลาดของข้อมูล (รหัสติด C) — สสจ.ขอนแก่น รวบรวมจากระบบ e-Claim สปสช.","uckkpho.com/uc/1313","","1"
"ECLAIM","C446","โรคเฉพาะ/DMIS/หน่วยบริการ","ERROR","","เลือกรหัสโครงการพิเศษ DMISHD แต่ไม่มีรหัสรายการ Vascular access","","","","รายละเอียดการผิดพลาดของข้อมูล (รหัสติด C) — สสจ.ขอนแก่น รวบรวมจากระบบ e-Claim สปสช.","uckkpho.com/uc/1313","","1"
"ECLAIM","C447","โรคเฉพาะ/DMIS/หน่วยบริการ","ERROR","","รหัส ICD10, ICD9 ไม่สอดคล้องกับการขอเบิกกรณี Vascular access","","","","รายละเอียดการผิดพลาดของข้อมูล (รหัสติด C) — สสจ.ขอนแก่น รวบรวมจากระบบ e-Claim สปสช.","uckkpho.com/uc/1313","","1"
"ECLAIM","C448","โรคเฉพาะ/DMIS/หน่วยบริการ","ERROR","","เลือกรหัสรายการ Vascular access (HD0001 – HD0005) แต่ไม่ได้เลือกรหัสโครงการพิเศษ DMISHD","","","","รายละเอียดการผิดพลาดของข้อมูล (รหัสติด C) — สสจ.ขอนแก่น รวบรวมจากระบบ e-Claim สปสช.","uckkpho.com/uc/1313","","1"
"ECLAIM","C449","โรคเฉพาะ/DMIS/หน่วยบริการ","ERROR","","เลือกรหัสโครงการพิเศษ DMISHD แต่ผู้ป่วยไม่ได้ลงทะเบียนในระบบ DMIS กรณี CAPD","","","","รายละเอียดการผิดพลาดของข้อมูล (รหัสติด C) — สสจ.ขอนแก่น รวบรวมจากระบบ e-Claim สปสช.","uckkpho.com/uc/1313","","1"
"ECLAIM","C450","โรคเฉพาะ/DMIS/หน่วยบริการ","ERROR","","ข้อมูลเบิกชดเชยค่าบริการไม่ตรงตามเงื่อนไขกรณีเลเซอร์จากเบาหวานขึ้นจอประสาทตา","","","","รายละเอียดการผิดพลาดของข้อมูล (รหัสติด C) — สสจ.ขอนแก่น รวบรวมจากระบบ e-Claim สปสช.","uckkpho.com/uc/1313","","1"
"ECLAIM","C451","โรคเฉพาะ/DMIS/หน่วยบริการ","ERROR","","เลือกรหัสโครงการพิเศษ DMIDML แต่รหัส ICD-10 / ICD-9-CM ไม่สอดคล้องกับกรณีที่ขอเบิก","","","","รายละเอียดการผิดพลาดของข้อมูล (รหัสติด C) — สสจ.ขอนแก่น รวบรวมจากระบบ e-Claim สปสช.","uckkpho.com/uc/1313","","1"
"ECLAIM","C452","โรคเฉพาะ/DMIS/หน่วยบริการ","ERROR","","บันทึกข้อมูลเบิกกรณีเลเซอร์จากเบาหวานขึ้นจอประสาทตาไม่ถูกต้อง ครบถ้วน","","","","รายละเอียดการผิดพลาดของข้อมูล (รหัสติด C) — สสจ.ขอนแก่น รวบรวมจากระบบ e-Claim สปสช.","uckkpho.com/uc/1313","","1"
"ECLAIM","C453","โรคเฉพาะ/DMIS/หน่วยบริการ","ERROR","","ไม่ใช่หน่วยบริการที่ลงทะเบียนในระบบ DMIS กรณี CAPD","","","","รายละเอียดการผิดพลาดของข้อมูล (รหัสติด C) — สสจ.ขอนแก่น รวบรวมจากระบบ e-Claim สปสช.","uckkpho.com/uc/1313","","1"
"ECLAIM","C454","โรคเฉพาะ/DMIS/หน่วยบริการ","ERROR","","รหัสโครงการพิเศษไม่สอดคล้องกับประเภทผู้ป่วย หรือกรณีที่ขอเบิก","","","","รายละเอียดการผิดพลาดของข้อมูล (รหัสติด C) — สสจ.ขอนแก่น รวบรวมจากระบบ e-Claim สปสช.","uckkpho.com/uc/1313","","1"
"ECLAIM","C455","โรคเฉพาะ/DMIS/หน่วยบริการ","ERROR","","รหัส Z39000 และ Z75000 ไม่ผ่านการตรวจสอบสิทธิ","","","","รายละเอียดการผิดพลาดของข้อมูล (รหัสติด C) — สสจ.ขอนแก่น รวบรวมจากระบบ e-Claim สปสช.","uckkpho.com/uc/1313","","1"
"ECLAIM","C456","โรคเฉพาะ/DMIS/หน่วยบริการ","ERROR","","เลือกรหัสโครงการพิเศษ Z75REF แต่ไม่ใช่หน่วยบริการสำรองเตียง","","","","รายละเอียดการผิดพลาดของข้อมูล (รหัสติด C) — สสจ.ขอนแก่น รวบรวมจากระบบ e-Claim สปสช.","uckkpho.com/uc/1313","","1"
"ECLAIM","C457","โรคเฉพาะ/DMIS/หน่วยบริการ","ERROR","","รหัส ICD10, ICD9 ไม่สอดคล้องกับการขอเบิกกรณี Leukemia,Lymphoma","","","","รายละเอียดการผิดพลาดของข้อมูล (รหัสติด C) — สสจ.ขอนแก่น รวบรวมจากระบบ e-Claim สปสช.","uckkpho.com/uc/1313","","1"
"ECLAIM","C458","โรคเฉพาะ/DMIS/หน่วยบริการ","ERROR","","บันทึกรหัสโครงการพิเศษสำหรับผู้ประกันตนสิทธิประกันสังคม ไม่สอดคล้องกับสิทธิประโยชน์ที่เลือก","","","","รายละเอียดการผิดพลาดของข้อมูล (รหัสติด C) — สสจ.ขอนแก่น รวบรวมจากระบบ e-Claim สปสช.","uckkpho.com/uc/1313","","1"
"ECLAIM","C459","โรคเฉพาะ/DMIS/หน่วยบริการ","ERROR","","ข้อมูลการรักษาผู้ป่วยกรณี Leukemia หรือ Lymphoma ไม่ตรงตามที่ได้ลงทะเบียนในระบบ","","","","รายละเอียดการผิดพลาดของข้อมูล (รหัสติด C) — สสจ.ขอนแก่น รวบรวมจากระบบ e-Claim สปสช.","uckkpho.com/uc/1313","","1"
"ECLAIM","C460","โรคเฉพาะ/DMIS/หน่วยบริการ","ERROR","","ข้อมูลที่ส่งเบิกกรณี Leukemia/Lymphoma ยังไม่ได้ทำการ Register ในระบบ","","","","รายละเอียดการผิดพลาดของข้อมูล (รหัสติด C) — สสจ.ขอนแก่น รวบรวมจากระบบ e-Claim สปสช.","uckkpho.com/uc/1313","","1"
"ECLAIM","C461","โรคเฉพาะ/DMIS/หน่วยบริการ","ERROR","","ข้อมูลของหน่วยบริการที่ส่งเบิกไม่ใช่หน่วยบริการที่ผู้ป่วยลงทะเบียนกรณี Leukemia/Lymphoma","","","","รายละเอียดการผิดพลาดของข้อมูล (รหัสติด C) — สสจ.ขอนแก่น รวบรวมจากระบบ e-Claim สปสช.","uckkpho.com/uc/1313","","1"
"ECLAIM","C462","โรคเฉพาะ/DMIS/หน่วยบริการ","ERROR","","ไม่ใช่หน่วยบริการในโครงการ กรณี Leukemia/Lymphoma","","","","รายละเอียดการผิดพลาดของข้อมูล (รหัสติด C) — สสจ.ขอนแก่น รวบรวมจากระบบ e-Claim สปสช.","uckkpho.com/uc/1313","","1"
"ECLAIM","C463","โรคเฉพาะ/DMIS/หน่วยบริการ","ERROR","","เกิดจากมีการให้รหัสหน่วยบริการ (Hcode) ไม่ถูกต้อง หรือ เป็นรหัสที่ไม่มีในฐานข้อมูล","","","","รายละเอียดการผิดพลาดของข้อมูล (รหัสติด C) — สสจ.ขอนแก่น รวบรวมจากระบบ e-Claim สปสช.","uckkpho.com/uc/1313","","1"
"ECLAIM","C464","โรคเฉพาะ/DMIS/หน่วยบริการ","ERROR","","ไม่ใช่หน่วยบริการที่ขึ้นทะเบียนให้บริการ Laser ตา","","","","รายละเอียดการผิดพลาดของข้อมูล (รหัสติด C) — สสจ.ขอนแก่น รวบรวมจากระบบ e-Claim สปสช.","uckkpho.com/uc/1313","","1"
"ECLAIM","C465","โรคเฉพาะ/DMIS/หน่วยบริการ","ERROR","","การเบิกกรณี Palliatve Care สามารถบันทึกเบิกได้เฉพาะกรณีผู้ป่วยนอก (OP)","","","","รายละเอียดการผิดพลาดของข้อมูล (รหัสติด C) — สสจ.ขอนแก่น รวบรวมจากระบบ e-Claim สปสช.","uckkpho.com/uc/1313","","1"
"ECLAIM","C466","โรคเฉพาะ/DMIS/หน่วยบริการ","ERROR","","รหัสโรค หรือ รหัสหัตถการไม่สอดคล้องกับกรณี Palliative Care","","","","รายละเอียดการผิดพลาดของข้อมูล (รหัสติด C) — สสจ.ขอนแก่น รวบรวมจากระบบ e-Claim สปสช.","uckkpho.com/uc/1313","","1"
"ECLAIM","C467","โรคเฉพาะ/DMIS/หน่วยบริการ","ERROR","","รหัสโรค หัตถการตรงตามเงื่อนไขการรักษานิ่วในทางเดินปัสสาวะแต่ไม่บันทึก","","","","รายละเอียดการผิดพลาดของข้อมูล (รหัสติด C) — สสจ.ขอนแก่น รวบรวมจากระบบ e-Claim สปสช.","uckkpho.com/uc/1313","","1"
"ECLAIM","C468","โรคเฉพาะ/DMIS/หน่วยบริการ","ERROR","","เป็นหน่วยบริการสำรองเตียงแต่ไม่บันทึกรหัสโครงการพิเศษ Z75REF","","","","รายละเอียดการผิดพลาดของข้อมูล (รหัสติด C) — สสจ.ขอนแก่น รวบรวมจากระบบ e-Claim สปสช.","uckkpho.com/uc/1313","","1"
"ECLAIM","C469","โรคเฉพาะ/DMIS/หน่วยบริการ","ERROR","","ไม่ใช่หน่วยบริการที่เข้าร่วมกรณี STROKE/STEMI","","","","รายละเอียดการผิดพลาดของข้อมูล (รหัสติด C) — สสจ.ขอนแก่น รวบรวมจากระบบ e-Claim สปสช.","uckkpho.com/uc/1313","","1"
"ECLAIM","C470","โรคเฉพาะ/DMIS/หน่วยบริการ","ERROR","","กรณีเบิกค่าพาหนะรับส่งต่อผู้ป่วยนอกในจังหวัด (SPV001) แต่ไม่ได้บันทึก","","","","รายละเอียดการผิดพลาดของข้อมูล (รหัสติด C) — สสจ.ขอนแก่น รวบรวมจากระบบ e-Claim สปสช.","uckkpho.com/uc/1313","","1"
"ECLAIM","C471","โรคเฉพาะ/DMIS/หน่วยบริการ","ERROR","","กรณีเบิกค่าพาหนะรับส่งต่อผู้ป่วยนอกในจังหวัด (SPV001) แต่เป็นหน่วยบริการที่ไม่มีสิทธิ","","","","รายละเอียดการผิดพลาดของข้อมูล (รหัสติด C) — สสจ.ขอนแก่น รวบรวมจากระบบ e-Claim สปสช.","uckkpho.com/uc/1313","","1"
"ECLAIM","C472","โรคเฉพาะ/DMIS/หน่วยบริการ","ERROR","","กรณีเบิกค่าพาหนะรับส่งต่อผู้ป่วยนอกในจังหวัด (SPV001) แต่จังหวัดไม่ใช่จังหวัดเดียวกัน","","","","รายละเอียดการผิดพลาดของข้อมูล (รหัสติด C) — สสจ.ขอนแก่น รวบรวมจากระบบ e-Claim สปสช.","uckkpho.com/uc/1313","","1"
"ECLAIM","C473","โรคเฉพาะ/DMIS/หน่วยบริการ","ERROR","","เบิกค่าพาหนะรับส่งต่อ ระยะทางเกิน 9,999 กิโลเมตร","","","","รายละเอียดการผิดพลาดของข้อมูล (รหัสติด C) — สสจ.ขอนแก่น รวบรวมจากระบบ e-Claim สปสช.","uckkpho.com/uc/1313","","1"
"ECLAIM","C474","โรคเฉพาะ/DMIS/หน่วยบริการ","ERROR","","ยาราคาแพงที่บันทึกเบิกไม่ได้ลงทะเบียนในระบบ OCPA หรือ ไม่ตรงกับรายการยา","","","","รายละเอียดการผิดพลาดของข้อมูล (รหัสติด C) — สสจ.ขอนแก่น รวบรวมจากระบบ e-Claim สปสช.","uckkpho.com/uc/1313","","1"
"ECLAIM","C475","โรคเฉพาะ/DMIS/หน่วยบริการ","ERROR","","รหัสโรคไม่สอดคล้องกับยาราคาแพงที่บันทึกเบิก","","","","รายละเอียดการผิดพลาดของข้อมูล (รหัสติด C) — สสจ.ขอนแก่น รวบรวมจากระบบ e-Claim สปสช.","uckkpho.com/uc/1313","","1"
"ECLAIM","C476","โรคเฉพาะ/DMIS/หน่วยบริการ","ERROR","","รายการค่าห้องที่บันทึกเบิกไม่สอดคล้องกับประเภทผู้ป่วย","","","","รายละเอียดการผิดพลาดของข้อมูล (รหัสติด C) — สสจ.ขอนแก่น รวบรวมจากระบบ e-Claim สปสช.","uckkpho.com/uc/1313","","1"
"ECLAIM","C477","โรคเฉพาะ/DMIS/หน่วยบริการ","ERROR","","จำนวนวันที่บันทึกเบิกค่าห้อง ไม่สอดคล้องกับจำนวนวันที่นอน","","","","รายละเอียดการผิดพลาดของข้อมูล (รหัสติด C) — สสจ.ขอนแก่น รวบรวมจากระบบ e-Claim สปสช.","uckkpho.com/uc/1313","","1"
"ECLAIM","C478","โรคเฉพาะ/DMIS/หน่วยบริการ","ERROR","","กรณีเบิกส่วนต่างค่าฟอกเลือด (HD3995) ไม่มีรหัสหัตถการที่สอดคล้อง","","","","รายละเอียดการผิดพลาดของข้อมูล (รหัสติด C) — สสจ.ขอนแก่น รวบรวมจากระบบ e-Claim สปสช.","uckkpho.com/uc/1313","","1"
"ECLAIM","C479","โรคเฉพาะ/DMIS/หน่วยบริการ","ERROR","","ให้รหัสโรคไม่สอดคล้องกับการเบิกส่วนต่างค่าคลอดจากสิทธิข้าราชการ/อปท.","","","","รายละเอียดการผิดพลาดของข้อมูล (รหัสติด C) — สสจ.ขอนแก่น รวบรวมจากระบบ e-Claim สปสช.","uckkpho.com/uc/1313","","1"
"ECLAIM","C480","โรคเฉพาะ/DMIS/หน่วยบริการ","ERROR","","รายการที่ขอเบิกชดเชยไม่สอดคล้องกับเงื่อนไขที่กำหนด","","","","รายละเอียดการผิดพลาดของข้อมูล (รหัสติด C) — สสจ.ขอนแก่น รวบรวมจากระบบ e-Claim สปสช.","uckkpho.com/uc/1313","","1"
"ECLAIM","C481","โรคเฉพาะ/DMIS/หน่วยบริการ","ERROR","","ไม่ใช่สถานพยาบาลที่กำหนดให้เบิกชดเชยค่าบริการ","","","","รายละเอียดการผิดพลาดของข้อมูล (รหัสติด C) — สสจ.ขอนแก่น รวบรวมจากระบบ e-Claim สปสช.","uckkpho.com/uc/1313","","1"
"ECLAIM","C482","โรคเฉพาะ/DMIS/หน่วยบริการ","ERROR","","ข้อมูลเบิกชดเชยค่าบริการไม่ถูกต้องตามเงื่อนไขสิทธิประโยชน์ของผู้ประกันตนทุพลภาพ","","","","รายละเอียดการผิดพลาดของข้อมูล (รหัสติด C) — สสจ.ขอนแก่น รวบรวมจากระบบ e-Claim สปสช.","uckkpho.com/uc/1313","","1"
"ECLAIM","C483","โรคเฉพาะ/DMIS/หน่วยบริการ","ERROR","","กรณีอุบัติเหตุฉุกเฉินที่ขอเบิกไม่เป็นไปตามเงื่อนไขที่กำหนด","","","","รายละเอียดการผิดพลาดของข้อมูล (รหัสติด C) — สสจ.ขอนแก่น รวบรวมจากระบบ e-Claim สปสช.","uckkpho.com/uc/1313","","1"
"ECLAIM","C484","โรคเฉพาะ/DMIS/หน่วยบริการ","ERROR","","บันทึกข้อมูลเบิกการรักษากรณีอุบัติเหตุฉุกเฉินหลัง 72 ชม.","","","","รายละเอียดการผิดพลาดของข้อมูล (รหัสติด C) — สสจ.ขอนแก่น รวบรวมจากระบบ e-Claim สปสช.","uckkpho.com/uc/1313","","1"
"ECLAIM","C485","โรคเฉพาะ/DMIS/หน่วยบริการ","ERROR","","จำนวนวันนอนไม่สอดคล้องกับกรณีที่ขอเบิกอุบัติเหตุฉุกเฉินหลัง 72 ชม.","","","","รายละเอียดการผิดพลาดของข้อมูล (รหัสติด C) — สสจ.ขอนแก่น รวบรวมจากระบบ e-Claim สปสช.","uckkpho.com/uc/1313","","1"
"ECLAIM","C486","โรคเฉพาะ/DMIS/หน่วยบริการ","ERROR","","สิทธิประกันสังคมบันทึกเบิกส่วนต่างกรณี HD จากสิทธิ อปท. ไม่ถูกต้อง ครบถ้วน","","","","รายละเอียดการผิดพลาดของข้อมูล (รหัสติด C) — สสจ.ขอนแก่น รวบรวมจากระบบ e-Claim สปสช.","uckkpho.com/uc/1313","","1"
"ECLAIM","C487","โรคเฉพาะ/DMIS/หน่วยบริการ","ERROR","","บันทึกข้อมูลเบิกการรักษากรณีอุบัติเหตุฉุกเฉินหลัง 72 ชม.(SSAE73)","","","","รายละเอียดการผิดพลาดของข้อมูล (รหัสติด C) — สสจ.ขอนแก่น รวบรวมจากระบบ e-Claim สปสช.","uckkpho.com/uc/1313","","1"
"ECLAIM","C488","โรคเฉพาะ/DMIS/หน่วยบริการ","ERROR","","ไม่ใช่สถานพยาบาลของสำนักงานประกันสังคม","","","","รายละเอียดการผิดพลาดของข้อมูล (รหัสติด C) — สสจ.ขอนแก่น รวบรวมจากระบบ e-Claim สปสช.","uckkpho.com/uc/1313","","1"
"ECLAIM","C489","โรคเฉพาะ/DMIS/หน่วยบริการ","ERROR","","ข้อมูลเบิกชดเชยค่าบริการไม่ถูกต้องตามเงื่อนไขที่กำหนด","","","","รายละเอียดการผิดพลาดของข้อมูล (รหัสติด C) — สสจ.ขอนแก่น รวบรวมจากระบบ e-Claim สปสช.","uckkpho.com/uc/1313","","1"
"ECLAIM","C490","โรคเฉพาะ/DMIS/หน่วยบริการ","ERROR","","บันทึกข้อมูลเบิกกรณีการฟอกโลหิต ในผู้ป่วยไตวายเฉียบพลันไม่ถูกต้อง ครบถ้วน","","","","รายละเอียดการผิดพลาดของข้อมูล (รหัสติด C) — สสจ.ขอนแก่น รวบรวมจากระบบ e-Claim สปสช.","uckkpho.com/uc/1313","","1"
"ECLAIM","C491","โรคเฉพาะ/DMIS/หน่วยบริการ","ERROR","","บันทึกข้อมูลเบิกกรณีการล้างไตทางช่องท้อง ในผู้ป่วยไตวายเฉียบพลันไม่ถูกต้อง","","","","รายละเอียดการผิดพลาดของข้อมูล (รหัสติด C) — สสจ.ขอนแก่น รวบรวมจากระบบ e-Claim สปสช.","uckkpho.com/uc/1313","","1"
"ECLAIM","C492","โรคเฉพาะ/DMIS/หน่วยบริการ","ERROR","","บันทึกข้อมูลเบิกกรณีทำหมันไม่ถูกต้อง","","","","รายละเอียดการผิดพลาดของข้อมูล (รหัสติด C) — สสจ.ขอนแก่น รวบรวมจากระบบ e-Claim สปสช.","uckkpho.com/uc/1313","","1"
"ECLAIM","C493","โรคเฉพาะ/DMIS/หน่วยบริการ","ERROR","","บันทึกเบิกกรณีฟอกเลือด (HD) มากกว่า 2 ครั้ง/วัน","","","","รายละเอียดการผิดพลาดของข้อมูล (รหัสติด C) — สสจ.ขอนแก่น รวบรวมจากระบบ e-Claim สปสช.","uckkpho.com/uc/1313","","1"
"ECLAIM","C494","โรคเฉพาะ/DMIS/หน่วยบริการ","ERROR","","HN ไม่ตรงกับ HN ที่ลงทะเบียนยา PA","","","","รายละเอียดการผิดพลาดของข้อมูล (รหัสติด C) — สสจ.ขอนแก่น รวบรวมจากระบบ e-Claim สปสช.","uckkpho.com/uc/1313","","1"
"ECLAIM","C495","โรคเฉพาะ/DMIS/หน่วยบริการ","ERROR","","สถานพยาบาลหลักที่บันทึกไม่ตรงกับสถานพยาบาลหลักตามสิทธิ","","","","รายละเอียดการผิดพลาดของข้อมูล (รหัสติด C) — สสจ.ขอนแก่น รวบรวมจากระบบ e-Claim สปสช.","uckkpho.com/uc/1313","","1"
"ECLAIM","C496","โรคเฉพาะ/DMIS/หน่วยบริการ","ERROR","","ไม่ระบุ วัน เดือน ปี ที่ให้รหัสโรค และทำหัตถการ","","","","รายละเอียดการผิดพลาดของข้อมูล (รหัสติด C) — สสจ.ขอนแก่น รวบรวมจากระบบ e-Claim สปสช.","uckkpho.com/uc/1313","","1"
"ECLAIM","C497","โรคเฉพาะ/DMIS/หน่วยบริการ","ERROR","","รหัสแพทย์ไม่มี หรือ เลข ว.แพทย์ไม่ถูกต้อง","","","","รายละเอียดการผิดพลาดของข้อมูล (รหัสติด C) — สสจ.ขอนแก่น รวบรวมจากระบบ e-Claim สปสช.","uckkpho.com/uc/1313","","1"
"ECLAIM","C498","โรคเฉพาะ/DMIS/หน่วยบริการ","ERROR","","บันทึกเบิกค่าห้องผู้ป่วยในฉุกเฉิน แต่ไม่มีข้อมูล อุบัติเหตุ หรือ ฉุกเฉิน","","","","รายละเอียดการผิดพลาดของข้อมูล (รหัสติด C) — สสจ.ขอนแก่น รวบรวมจากระบบ e-Claim สปสช.","uckkpho.com/uc/1313","","1"
"ECLAIM","C499","โรคเฉพาะ/DMIS/หน่วยบริการ","ERROR","","ข้อมูลที่บันทึกเบิกไม่อยู่ในสิทธิประโยชน์ กรณีผู้ป่วยนอก","","","","รายละเอียดการผิดพลาดของข้อมูล (รหัสติด C) — สสจ.ขอนแก่น รวบรวมจากระบบ e-Claim สปสช.","uckkpho.com/uc/1313","","1"
"ECLAIM","C500","มะเร็ง/OP Refer/ยา/ค่าใช้จ่ายสูง","ERROR","","บันทึกเบิกสิทธิประกันสังคมแต่อายุน้อยกว่า 15 ปี","","","","รายละเอียดการผิดพลาดของข้อมูล (รหัสติด C) — สสจ.ขอนแก่น รวบรวมจากระบบ e-Claim สปสช.","uckkpho.com/uc/1313","","1"
"ECLAIM","C501","มะเร็ง/OP Refer/ยา/ค่าใช้จ่ายสูง","ERROR","","รหัสโรคไม่สอดคล้องกับการเบิกกรณีให้ยาเคมีบำบัด หรือ รังสีรักษา","","","","รายละเอียดการผิดพลาดของข้อมูล (รหัสติด C) — สสจ.ขอนแก่น รวบรวมจากระบบ e-Claim สปสช.","uckkpho.com/uc/1313","","1"
"ECLAIM","C502","มะเร็ง/OP Refer/ยา/ค่าใช้จ่ายสูง","ERROR","","รหัสหัตถการไม่สอดคล้องกับการเบิกกรณี เคมี/รังสี รักษามะเร็ง","","","","รายละเอียดการผิดพลาดของข้อมูล (รหัสติด C) — สสจ.ขอนแก่น รวบรวมจากระบบ e-Claim สปสช.","uckkpho.com/uc/1313","","1"
"ECLAIM","C503","มะเร็ง/OP Refer/ยา/ค่าใช้จ่ายสูง","ERROR","","บันทึกเบิกไม่ถูกต้อง ครบถ้วนตามเงื่อนไขที่กำหนดกรณีการรักษามะเร็งตามโปรโตคอล","","","","รายละเอียดการผิดพลาดของข้อมูล (รหัสติด C) — สสจ.ขอนแก่น รวบรวมจากระบบ e-Claim สปสช.","uckkpho.com/uc/1313","","1"
"ECLAIM","C504","มะเร็ง/OP Refer/ยา/ค่าใช้จ่ายสูง","ERROR","","รหัสหัตถการไม่สอดคล้องกับการเบิกกรณีมะเร็งเต้านม","","","","รายละเอียดการผิดพลาดของข้อมูล (รหัสติด C) — สสจ.ขอนแก่น รวบรวมจากระบบ e-Claim สปสช.","uckkpho.com/uc/1313","","1"
"ECLAIM","C505","มะเร็ง/OP Refer/ยา/ค่าใช้จ่ายสูง","ERROR","","กรณี HBO chamber เพื่อรักษา Hyperbaric Oxygen Therapy เบิกได้เฉพาะหน่วยบริการที่มี","","","","รายละเอียดการผิดพลาดของข้อมูล (รหัสติด C) — สสจ.ขอนแก่น รวบรวมจากระบบ e-Claim สปสช.","uckkpho.com/uc/1313","","1"
"ECLAIM","C506","มะเร็ง/OP Refer/ยา/ค่าใช้จ่ายสูง","ERROR","","รหัสโรคไม่สอดคล้องกับการเบิกกรณีรักษา Hyperbaric Oxygen Therapy","","","","รายละเอียดการผิดพลาดของข้อมูล (รหัสติด C) — สสจ.ขอนแก่น รวบรวมจากระบบ e-Claim สปสช.","uckkpho.com/uc/1313","","1"
"ECLAIM","C507","มะเร็ง/OP Refer/ยา/ค่าใช้จ่ายสูง","ERROR","","รหัสหัตถการไม่สอดคล้องกับการเบิกกรณีรักษา Hyperbaric Oxygen Therapy","","","","รายละเอียดการผิดพลาดของข้อมูล (รหัสติด C) — สสจ.ขอนแก่น รวบรวมจากระบบ e-Claim สปสช.","uckkpho.com/uc/1313","","1"
"ECLAIM","C508","มะเร็ง/OP Refer/ยา/ค่าใช้จ่ายสูง","ERROR","","การให้ Methadone Maintenance Treatment จะต้องเป็นหน่วยบริการที่ผ่านการประเมิน","","","","รายละเอียดการผิดพลาดของข้อมูล (รหัสติด C) — สสจ.ขอนแก่น รวบรวมจากระบบ e-Claim สปสช.","uckkpho.com/uc/1313","","1"
"ECLAIM","C509","มะเร็ง/OP Refer/ยา/ค่าใช้จ่ายสูง","ERROR","","กรณีขอเบิกสารเมทาโดนจำนวนที่ขอเบิกต้องไม่เกินจำนวนวัน","","","","รายละเอียดการผิดพลาดของข้อมูล (รหัสติด C) — สสจ.ขอนแก่น รวบรวมจากระบบ e-Claim สปสช.","uckkpho.com/uc/1313","","1"
"ECLAIM","C510","มะเร็ง/OP Refer/ยา/ค่าใช้จ่ายสูง","ERROR","","กรณีขอเบิก Hyperbaric Oxygen Therapy ผู้ป่วยนอกจำนวนชั่วโมง","","","","รายละเอียดการผิดพลาดของข้อมูล (รหัสติด C) — สสจ.ขอนแก่น รวบรวมจากระบบ e-Claim สปสช.","uckkpho.com/uc/1313","","1"
"ECLAIM","C511","มะเร็ง/OP Refer/ยา/ค่าใช้จ่ายสูง","ERROR","","ข้อมูลรักษาโรคมะเร็งปีงบประมาณ 58 ส่งได้ตั้งแต่วันที่ 1 ธค 57","","","","รายละเอียดการผิดพลาดของข้อมูล (รหัสติด C) — สสจ.ขอนแก่น รวบรวมจากระบบ e-Claim สปสช.","uckkpho.com/uc/1313","","1"
"ECLAIM","C512","มะเร็ง/OP Refer/ยา/ค่าใช้จ่ายสูง","ERROR","","เบิก OPAE ไม่มีเงื่อนไขการเรียกเก็บ หรือ เลือกเงื่อนไขการเรียกเก็บไม่สอดคล้อง","","","","รายละเอียดการผิดพลาดของข้อมูล (รหัสติด C) — สสจ.ขอนแก่น รวบรวมจากระบบ e-Claim สปสช.","uckkpho.com/uc/1313","","1"
"ECLAIM","C513","มะเร็ง/OP Refer/ยา/ค่าใช้จ่ายสูง","ERROR","","ขอเบิกอุบัติเหตุฉุกเฉินแต่ไม่พบสิทธิ","","","","รายละเอียดการผิดพลาดของข้อมูล (รหัสติด C) — สสจ.ขอนแก่น รวบรวมจากระบบ e-Claim สปสช.","uckkpho.com/uc/1313","","1"
"ECLAIM","C514","มะเร็ง/OP Refer/ยา/ค่าใช้จ่ายสูง","ERROR","","กรณีเบิกค่าพาหนะรับหรือส่งต่อ ไม่มีรหัสโรงพยาบาล","","","","รายละเอียดการผิดพลาดของข้อมูล (รหัสติด C) — สสจ.ขอนแก่น รวบรวมจากระบบ e-Claim สปสช.","uckkpho.com/uc/1313","","1"
"ECLAIM","C515","มะเร็ง/OP Refer/ยา/ค่าใช้จ่ายสูง","ERROR","","ไม่ระบุวัตถุประสงค์ในการรับ-ส่งต่อ","","","","รายละเอียดการผิดพลาดของข้อมูล (รหัสติด C) — สสจ.ขอนแก่น รวบรวมจากระบบ e-Claim สปสช.","uckkpho.com/uc/1313","","1"
"ECLAIM","C516","มะเร็ง/OP Refer/ยา/ค่าใช้จ่ายสูง","ERROR","","เบิกกรณีเหตุสมควรหน่วยบริการต้นสังกัดต้องเป็นผู้เบิก","","","","รายละเอียดการผิดพลาดของข้อมูล (รหัสติด C) — สสจ.ขอนแก่น รวบรวมจากระบบ e-Claim สปสช.","uckkpho.com/uc/1313","","1"
"ECLAIM","C517","มะเร็ง/OP Refer/ยา/ค่าใช้จ่ายสูง","ERROR","","กรณีที่ขอเบิกไม่เป็นไปตามเงื่อนไขอุบัติเหตุฉุกเฉิน","","","","รายละเอียดการผิดพลาดของข้อมูล (รหัสติด C) — สสจ.ขอนแก่น รวบรวมจากระบบ e-Claim สปสช.","uckkpho.com/uc/1313","","1"
"ECLAIM","C518","มะเร็ง/OP Refer/ยา/ค่าใช้จ่ายสูง","ERROR","","กรณีการรับส่งต่อ เลือกเงื่อนไขการเรียกเก็บไม่ถูกต้อง","","","","รายละเอียดการผิดพลาดของข้อมูล (รหัสติด C) — สสจ.ขอนแก่น รวบรวมจากระบบ e-Claim สปสช.","uckkpho.com/uc/1313","","1"
"ECLAIM","C519","มะเร็ง/OP Refer/ยา/ค่าใช้จ่ายสูง","ERROR","","ประเภทการจำหน่ายเป็น transfer ไม่ระบุสถานพยาบาลที่ส่งต่อ","","","","รายละเอียดการผิดพลาดของข้อมูล (รหัสติด C) — สสจ.ขอนแก่น รวบรวมจากระบบ e-Claim สปสช.","uckkpho.com/uc/1313","","1"
"ECLAIM","C520","มะเร็ง/OP Refer/ยา/ค่าใช้จ่ายสูง","ERROR","","เป็นข้อมูลที่เข้าเกณฑ์กรณีการรับส่งต่อผู้ป่วยนอก (OP Refer)","","","","รายละเอียดการผิดพลาดของข้อมูล (รหัสติด C) — สสจ.ขอนแก่น รวบรวมจากระบบ e-Claim สปสช.","uckkpho.com/uc/1313","","1"
"ECLAIM","C521","มะเร็ง/OP Refer/ยา/ค่าใช้จ่ายสูง","ERROR","","รหัสโรคไม่สอดคล้องกับการเบิกกรณีรักษาผู้ป่วยเอดส์","","","","รายละเอียดการผิดพลาดของข้อมูล (รหัสติด C) — สสจ.ขอนแก่น รวบรวมจากระบบ e-Claim สปสช.","uckkpho.com/uc/1313","","1"
"ECLAIM","C522","มะเร็ง/OP Refer/ยา/ค่าใช้จ่ายสูง","ERROR","","รหัสโรคไม่สอดคล้องกับการเบิกกรณีล้างไต/ฟอกเลือด ผู้ป่วยไตวายเฉียบพลัน","","","","รายละเอียดการผิดพลาดของข้อมูล (รหัสติด C) — สสจ.ขอนแก่น รวบรวมจากระบบ e-Claim สปสช.","uckkpho.com/uc/1313","","1"
"ECLAIM","C523","มะเร็ง/OP Refer/ยา/ค่าใช้จ่ายสูง","ERROR","","รหัสหัตถการไม่สอดคล้องกับการเบิกกรณีล้างไต/ฟอกเลือด ผู้ป่วยไตวายเฉียบพลัน","","","","รายละเอียดการผิดพลาดของข้อมูล (รหัสติด C) — สสจ.ขอนแก่น รวบรวมจากระบบ e-Claim สปสช.","uckkpho.com/uc/1313","","1"
"ECLAIM","C524","มะเร็ง/OP Refer/ยา/ค่าใช้จ่ายสูง","ERROR","","รหัสโรคไม่สอดคล้องกับการเบิกเคมีบำบัด กรณีมะเร็งตามโปรโตคอล","","","","รายละเอียดการผิดพลาดของข้อมูล (รหัสติด C) — สสจ.ขอนแก่น รวบรวมจากระบบ e-Claim สปสช.","uckkpho.com/uc/1313","","1"
"ECLAIM","C525","มะเร็ง/OP Refer/ยา/ค่าใช้จ่ายสูง","ERROR","","รหัสหัตถการไม่สอดคล้องกับการเบิกเคมีบำบัด กรณีมะเร็งตามโปรโตคอล","","","","รายละเอียดการผิดพลาดของข้อมูล (รหัสติด C) — สสจ.ขอนแก่น รวบรวมจากระบบ e-Claim สปสช.","uckkpho.com/uc/1313","","1"
"ECLAIM","C526","มะเร็ง/OP Refer/ยา/ค่าใช้จ่ายสูง","ERROR","","สิทธิประกันสังคม เบิกกรณีมะเร็ง ที่เข้ารับบริการก่อน 1 ก.ย 56","","","","รายละเอียดการผิดพลาดของข้อมูล (รหัสติด C) — สสจ.ขอนแก่น รวบรวมจากระบบ e-Claim สปสช.","uckkpho.com/uc/1313","","1"
"ECLAIM","C527","มะเร็ง/OP Refer/ยา/ค่าใช้จ่ายสูง","ERROR","","รหัสโรคไม่สอดคล้องกับการเบิกรังสีรักษา กรณีมะเร็งตามโปรโตคอล","","","","รายละเอียดการผิดพลาดของข้อมูล (รหัสติด C) — สสจ.ขอนแก่น รวบรวมจากระบบ e-Claim สปสช.","uckkpho.com/uc/1313","","1"
"ECLAIM","C528","มะเร็ง/OP Refer/ยา/ค่าใช้จ่ายสูง","ERROR","","รหัสหัตถการไม่สอดคล้องกับการเบิกรังสี กรณีรักษามะเร็งตามโปรโตคอล","","","","รายละเอียดการผิดพลาดของข้อมูล (รหัสติด C) — สสจ.ขอนแก่น รวบรวมจากระบบ e-Claim สปสช.","uckkpho.com/uc/1313","","1"
"ECLAIM","C529","มะเร็ง/OP Refer/ยา/ค่าใช้จ่ายสูง","ERROR","","รายการที่ขอเบิกรังสีรักษา กรณีมะเร็งตามโปรโตคอล เป็นการให้บริการก่อน","","","","รายละเอียดการผิดพลาดของข้อมูล (รหัสติด C) — สสจ.ขอนแก่น รวบรวมจากระบบ e-Claim สปสช.","uckkpho.com/uc/1313","","1"
"ECLAIM","C530","มะเร็ง/OP Refer/ยา/ค่าใช้จ่ายสูง","ERROR","","มีการขอเบิกร่วมกันทั้งกรณีโรคมะเร็งทั่วไป และโรคมะเร็งตามโปรโตคอล","","","","รายละเอียดการผิดพลาดของข้อมูล (รหัสติด C) — สสจ.ขอนแก่น รวบรวมจากระบบ e-Claim สปสช.","uckkpho.com/uc/1313","","1"
"ECLAIM","C531","มะเร็ง/OP Refer/ยา/ค่าใช้จ่ายสูง","ERROR","","ขอเบิกกรณีมะเร็งทั่วไป แต่ให้รหัสโรคเป็นมะเร็งตามโปรโตคอล","","","","รายละเอียดการผิดพลาดของข้อมูล (รหัสติด C) — สสจ.ขอนแก่น รวบรวมจากระบบ e-Claim สปสช.","uckkpho.com/uc/1313","","1"
"ECLAIM","C532","มะเร็ง/OP Refer/ยา/ค่าใช้จ่ายสูง","ERROR","","เบิกกรณีมะเร็งตามโปรโตคอล แต่บันทึกรหัสการเบิกจ่ายมากกว่า 1 กลุ่มโรค","","","","รายละเอียดการผิดพลาดของข้อมูล (รหัสติด C) — สสจ.ขอนแก่น รวบรวมจากระบบ e-Claim สปสช.","uckkpho.com/uc/1313","","1"
"ECLAIM","C533","มะเร็ง/OP Refer/ยา/ค่าใช้จ่ายสูง","ERROR","","รายการที่ขอเบิกเคมีบำบัด กรณีมะเร็งตามโปรโตคอล เป็นการให้บริการก่อน","","","","รายละเอียดการผิดพลาดของข้อมูล (รหัสติด C) — สสจ.ขอนแก่น รวบรวมจากระบบ e-Claim สปสช.","uckkpho.com/uc/1313","","1"
"ECLAIM","C534","มะเร็ง/OP Refer/ยา/ค่าใช้จ่ายสูง","ERROR","","รายการที่ขอเบิกเคมีบำบัด หรือ รังสีรักษา กรณีมะเร็งตามโปรโตคอล เป็นการให้บริการตั้งแต่","","","","รายละเอียดการผิดพลาดของข้อมูล (รหัสติด C) — สสจ.ขอนแก่น รวบรวมจากระบบ e-Claim สปสช.","uckkpho.com/uc/1313","","1"
"ECLAIM","C535","มะเร็ง/OP Refer/ยา/ค่าใช้จ่ายสูง","ERROR","","รหัสโรคไม่สอดคล้องกับการเบิกยา จ.2 (ATG,IVIG)","","","","รายละเอียดการผิดพลาดของข้อมูล (รหัสติด C) — สสจ.ขอนแก่น รวบรวมจากระบบ e-Claim สปสช.","uckkpho.com/uc/1313","","1"
"ECLAIM","C536","มะเร็ง/OP Refer/ยา/ค่าใช้จ่ายสูง","ERROR","","เด็กอายุน้อยกว่า 15 ปี ให้เบิกเป็นกรณีมะเร็งทั่วไป","","","","รายละเอียดการผิดพลาดของข้อมูล (รหัสติด C) — สสจ.ขอนแก่น รวบรวมจากระบบ e-Claim สปสช.","uckkpho.com/uc/1313","","1"
"ECLAIM","C537","มะเร็ง/OP Refer/ยา/ค่าใช้จ่ายสูง","ERROR","","เบิกชดเชยเกินจำนวน cycle /เม็ด ที่กำหนด","","","","รายละเอียดการผิดพลาดของข้อมูล (รหัสติด C) — สสจ.ขอนแก่น รวบรวมจากระบบ e-Claim สปสช.","uckkpho.com/uc/1313","","1"
"ECLAIM","C538","มะเร็ง/OP Refer/ยา/ค่าใช้จ่ายสูง","ERROR","","รหัสหัตถการไม่สอดคล้องกับการเบิกกรณีวินิจฉัยราคาแพง","","","","รายละเอียดการผิดพลาดของข้อมูล (รหัสติด C) — สสจ.ขอนแก่น รวบรวมจากระบบ e-Claim สปสช.","uckkpho.com/uc/1313","","1"
"ECLAIM","C539","มะเร็ง/OP Refer/ยา/ค่าใช้จ่ายสูง","ERROR","","รหัสโรคไม่สอดคล้องกับการเบิกกรณีวินิจฉัยราคาแพง","","","","รายละเอียดการผิดพลาดของข้อมูล (รหัสติด C) — สสจ.ขอนแก่น รวบรวมจากระบบ e-Claim สปสช.","uckkpho.com/uc/1313","","1"
"ECLAIM","C540","มะเร็ง/OP Refer/ยา/ค่าใช้จ่ายสูง","ERROR","","รหัสโรคไม่สอดคล้องกับการเบิกกรณี CMV Retinitis ในผู้ติดเชื้อ HIV","","","","รายละเอียดการผิดพลาดของข้อมูล (รหัสติด C) — สสจ.ขอนแก่น รวบรวมจากระบบ e-Claim สปสช.","uckkpho.com/uc/1313","","1"
"ECLAIM","C541","มะเร็ง/OP Refer/ยา/ค่าใช้จ่ายสูง","ERROR","","กรณีส่งต่อผู้ป่วยนอก (OP Refer) ไม่ระบุหน่วยบริการหลัก","","","","รายละเอียดการผิดพลาดของข้อมูล (รหัสติด C) — สสจ.ขอนแก่น รวบรวมจากระบบ e-Claim สปสช.","uckkpho.com/uc/1313","","1"
"ECLAIM","C542","มะเร็ง/OP Refer/ยา/ค่าใช้จ่ายสูง","ERROR","","กรณีส่งต่อผู้ป่วยนอก (OP Refer) ไม่ระบุเลขที่ใบส่งต่อ","","","","รายละเอียดการผิดพลาดของข้อมูล (รหัสติด C) — สสจ.ขอนแก่น รวบรวมจากระบบ e-Claim สปสช.","uckkpho.com/uc/1313","","1"
"ECLAIM","C543","มะเร็ง/OP Refer/ยา/ค่าใช้จ่ายสูง","ERROR","","กรณีส่งต่อผู้ป่วยนอก (OP Refer) ไม่ระบุหน่วยบริการที่ส่งต่อ","","","","รายละเอียดการผิดพลาดของข้อมูล (รหัสติด C) — สสจ.ขอนแก่น รวบรวมจากระบบ e-Claim สปสช.","uckkpho.com/uc/1313","","1"
"ECLAIM","C544","มะเร็ง/OP Refer/ยา/ค่าใช้จ่ายสูง","ERROR","","กรณีส่งต่อผู้ป่วยนอก (OP Refer) ในจังหวัด ไม่ใช่หน่วยบริการที่กำหนด","","","","รายละเอียดการผิดพลาดของข้อมูล (รหัสติด C) — สสจ.ขอนแก่น รวบรวมจากระบบ e-Claim สปสช.","uckkpho.com/uc/1313","","1"
"ECLAIM","C545","มะเร็ง/OP Refer/ยา/ค่าใช้จ่ายสูง","ERROR","","กรณีที่ขอเบิก ไม่เข้าเกณฑ์กรณีส่งต่อผู้ป่วยนอก (OP Refer)","","","","รายละเอียดการผิดพลาดของข้อมูล (รหัสติด C) — สสจ.ขอนแก่น รวบรวมจากระบบ e-Claim สปสช.","uckkpho.com/uc/1313","","1"
"ECLAIM","C546","มะเร็ง/OP Refer/ยา/ค่าใช้จ่ายสูง","ERROR","","กรณีส่งต่อผู้ป่วยนอก (OP Refer) แต่เลือกเงื่อนไขการเรียกเก็บ","","","","รายละเอียดการผิดพลาดของข้อมูล (รหัสติด C) — สสจ.ขอนแก่น รวบรวมจากระบบ e-Claim สปสช.","uckkpho.com/uc/1313","","1"
"ECLAIM","C547","มะเร็ง/OP Refer/ยา/ค่าใช้จ่ายสูง","ERROR","","รหัสหน่วยบริการหลักเป็นรหัสเดียวกับหน่วยบริการที่ให้การรักษา","","","","รายละเอียดการผิดพลาดของข้อมูล (รหัสติด C) — สสจ.ขอนแก่น รวบรวมจากระบบ e-Claim สปสช.","uckkpho.com/uc/1313","","1"
"ECLAIM","C548","มะเร็ง/OP Refer/ยา/ค่าใช้จ่ายสูง","ERROR","","จากการตรวจสอบสิทธิของ สปสช. ไม่เข้าเกณฑ์การเบิก","","","","รายละเอียดการผิดพลาดของข้อมูล (รหัสติด C) — สสจ.ขอนแก่น รวบรวมจากระบบ e-Claim สปสช.","uckkpho.com/uc/1313","","1"
"ECLAIM","C549","มะเร็ง/OP Refer/ยา/ค่าใช้จ่ายสูง","ERROR","","กรณีที่ขอเบิก หรือ รายการยาที่ขอเบิก เข้าเกณฑ์ค่าใช้จ่ายสูง","","","","รายละเอียดการผิดพลาดของข้อมูล (รหัสติด C) — สสจ.ขอนแก่น รวบรวมจากระบบ e-Claim สปสช.","uckkpho.com/uc/1313","","1"
"ECLAIM","C550","มะเร็ง/OP Refer/ยา/ค่าใช้จ่ายสูง","ERROR","","กรณีส่งต่อผู้ป่วยนอก (OP Refer) ไม่ระบุการใช้สิทธิ UC","","","","รายละเอียดการผิดพลาดของข้อมูล (รหัสติด C) — สสจ.ขอนแก่น รวบรวมจากระบบ e-Claim สปสช.","uckkpho.com/uc/1313","","1"
"ECLAIM","C551","มะเร็ง/OP Refer/ยา/ค่าใช้จ่ายสูง","ERROR","","รหัสหัตถการไม่สอดคล้องตามเงื่อนไขการจ่ายชดเชยกรณีการสลายนิ่ว","","","","รายละเอียดการผิดพลาดของข้อมูล (รหัสติด C) — สสจ.ขอนแก่น รวบรวมจากระบบ e-Claim สปสช.","uckkpho.com/uc/1313","","1"
"ECLAIM","C552","มะเร็ง/OP Refer/ยา/ค่าใช้จ่ายสูง","ERROR","","รหัสโรคไม่สอดคล้องตามเงื่อนไขการจ่ายชดเชยกรณีการสลายนิ่ว","","","","รายละเอียดการผิดพลาดของข้อมูล (รหัสติด C) — สสจ.ขอนแก่น รวบรวมจากระบบ e-Claim สปสช.","uckkpho.com/uc/1313","","1"
"ECLAIM","C553","มะเร็ง/OP Refer/ยา/ค่าใช้จ่ายสูง","ERROR","","บันทึกข้อมูลไม่ครบถ้วนตามเงื่อนไขการเบิกชดเชยค่าใช้จ่ายกรณีการสลายนิ่ว","","","","รายละเอียดการผิดพลาดของข้อมูล (รหัสติด C) — สสจ.ขอนแก่น รวบรวมจากระบบ e-Claim สปสช.","uckkpho.com/uc/1313","","1"
"ECLAIM","C554","มะเร็ง/OP Refer/ยา/ค่าใช้จ่ายสูง","ERROR","","บันทึกข้อมูลรหัสโรค รหัสหัตถการ รหัสกรมบัญชีกลาง","","","","รายละเอียดการผิดพลาดของข้อมูล (รหัสติด C) — สสจ.ขอนแก่น รวบรวมจากระบบ e-Claim สปสช.","uckkpho.com/uc/1313","","1"
"ECLAIM","C555","มะเร็ง/OP Refer/ยา/ค่าใช้จ่ายสูง","ERROR","","ค่าใช้จ่ายรวม กับค่าใช้จ่ายราย Item มียอดไม่เท่ากัน","","","","รายละเอียดการผิดพลาดของข้อมูล (รหัสติด C) — สสจ.ขอนแก่น รวบรวมจากระบบ e-Claim สปสช.","uckkpho.com/uc/1313","","1"
"ECLAIM","C556","มะเร็ง/OP Refer/ยา/ค่าใช้จ่ายสูง","ERROR","","บันทึกเบิกจำนวนยามะเร็งและจำนวนเงินไม่ถูกต้องสอดคล้องกัน","","","","รายละเอียดการผิดพลาดของข้อมูล (รหัสติด C) — สสจ.ขอนแก่น รวบรวมจากระบบ e-Claim สปสช.","uckkpho.com/uc/1313","","1"
"ECLAIM","C557","มะเร็ง/OP Refer/ยา/ค่าใช้จ่ายสูง","ERROR","","บันทึกรหัสโครงการพิเศษ DMLP54 แต่ไม่บันทึก Protocol","","","","รายละเอียดการผิดพลาดของข้อมูล (รหัสติด C) — สสจ.ขอนแก่น รวบรวมจากระบบ e-Claim สปสช.","uckkpho.com/uc/1313","","1"
"ECLAIM","C558","มะเร็ง/OP Refer/ยา/ค่าใช้จ่ายสูง","ERROR","","บันทึกเบิกมะเร็งตามโปรโตคอลไม่ถูกต้อง ครบถ้วนตามเงื่อนไข","","","","รายละเอียดการผิดพลาดของข้อมูล (รหัสติด C) — สสจ.ขอนแก่น รวบรวมจากระบบ e-Claim สปสช.","uckkpho.com/uc/1313","","1"
"ECLAIM","C559","มะเร็ง/OP Refer/ยา/ค่าใช้จ่ายสูง","ERROR","","ข้อมูลเบิกกรณี HD จำนวนที่ขอเบิกไม่สอดคล้องกับจำนวนวันนอน (LOS)","","","","รายละเอียดการผิดพลาดของข้อมูล (รหัสติด C) — สสจ.ขอนแก่น รวบรวมจากระบบ e-Claim สปสช.","uckkpho.com/uc/1313","","1"
"ECLAIM","C560","มะเร็ง/OP Refer/ยา/ค่าใช้จ่ายสูง","ERROR","","รหัสโรคไม่สอดคล้องกับการเบิกอุปกรณ์เพดานเทียม","","","","รายละเอียดการผิดพลาดของข้อมูล (รหัสติด C) — สสจ.ขอนแก่น รวบรวมจากระบบ e-Claim สปสช.","uckkpho.com/uc/1313","","1"
"ECLAIM","C561","มะเร็ง/OP Refer/ยา/ค่าใช้จ่ายสูง","ERROR","","ไม่ใช่หน่วยบริการที่ขึ้นทะเบียนให้บริการ Cleft lip Cleft palate","","","","รายละเอียดการผิดพลาดของข้อมูล (รหัสติด C) — สสจ.ขอนแก่น รวบรวมจากระบบ e-Claim สปสช.","uckkpho.com/uc/1313","","1"
"ECLAIM","C562","มะเร็ง/OP Refer/ยา/ค่าใช้จ่ายสูง","ERROR","","ยาที่บันทึกเบิกไม่พบใน Drug Catalog ของหน่วยบริการ","","","","รายละเอียดการผิดพลาดของข้อมูล (รหัสติด C) — สสจ.ขอนแก่น รวบรวมจากระบบ e-Claim สปสช.","uckkpho.com/uc/1313","","1"
"ECLAIM","C563","มะเร็ง/OP Refer/ยา/ค่าใช้จ่ายสูง","ERROR","","ข้อมูลการเบิกกรณีรักษาโรคมะเร็งไม่พบในระบบ CaPR Registry","","","","รายละเอียดการผิดพลาดของข้อมูล (รหัสติด C) — สสจ.ขอนแก่น รวบรวมจากระบบ e-Claim สปสช.","uckkpho.com/uc/1313","","1"
"ECLAIM","C564","มะเร็ง/OP Refer/ยา/ค่าใช้จ่ายสูง","ERROR","","ประเภทยาในบัญชียาหลัก (ED) หรือยานอกบัญชียาหลัก (NED)","","","","รายละเอียดการผิดพลาดของข้อมูล (รหัสติด C) — สสจ.ขอนแก่น รวบรวมจากระบบ e-Claim สปสช.","uckkpho.com/uc/1313","","1"
"ECLAIM","C565","มะเร็ง/OP Refer/ยา/ค่าใช้จ่ายสูง","ERROR","","บันทึกเบิกยา NED ผู้ป่วยนอก","","","","รายละเอียดการผิดพลาดของข้อมูล (รหัสติด C) — สสจ.ขอนแก่น รวบรวมจากระบบ e-Claim สปสช.","uckkpho.com/uc/1313","","1"
"ECLAIM","C566","มะเร็ง/OP Refer/ยา/ค่าใช้จ่ายสูง","ERROR","","ให้รหัสโรครองไม่ถูกต้อง กรณีการให้ยาเคมีบำบัด หรือรังสีรักษา","","","","รายละเอียดการผิดพลาดของข้อมูล (รหัสติด C) — สสจ.ขอนแก่น รวบรวมจากระบบ e-Claim สปสช.","uckkpho.com/uc/1313","","1"
"ECLAIM","C567","มะเร็ง/OP Refer/ยา/ค่าใช้จ่ายสูง","ERROR","","บันทึกรหัสรังสีรักษาไม่สอดคล้องกับชนิดของโรคมะเร็ง","","","","รายละเอียดการผิดพลาดของข้อมูล (รหัสติด C) — สสจ.ขอนแก่น รวบรวมจากระบบ e-Claim สปสช.","uckkpho.com/uc/1313","","1"
"ECLAIM","C568","มะเร็ง/OP Refer/ยา/ค่าใช้จ่ายสูง","ERROR","","เบิกมะเร็งโปรโตคอลไม่ถูกต้อง คือต้องเป็นราย visit","","","","รายละเอียดการผิดพลาดของข้อมูล (รหัสติด C) — สสจ.ขอนแก่น รวบรวมจากระบบ e-Claim สปสช.","uckkpho.com/uc/1313","","1"
"ECLAIM","C569","มะเร็ง/OP Refer/ยา/ค่าใช้จ่ายสูง","ERROR","","กรณีสิทธิข้าราชการ/อปท. หน่วยบริการเอกชนไม่สามารถเบิก","","","","รายละเอียดการผิดพลาดของข้อมูล (รหัสติด C) — สสจ.ขอนแก่น รวบรวมจากระบบ e-Claim สปสช.","uckkpho.com/uc/1313","","1"
"ECLAIM","C570","มะเร็ง/OP Refer/ยา/ค่าใช้จ่ายสูง","ERROR","","Workingcode/Hospdrugcode เป็นค่าว่าง","","","","รายละเอียดการผิดพลาดของข้อมูล (รหัสติด C) — สสจ.ขอนแก่น รวบรวมจากระบบ e-Claim สปสช.","uckkpho.com/uc/1313","","1"
"ECLAIM","C571","มะเร็ง/OP Refer/ยา/ค่าใช้จ่ายสูง","ERROR","","สิทธิประกันสังคม เบิกกรณีเมทาโดน","","","","รายละเอียดการผิดพลาดของข้อมูล (รหัสติด C) — สสจ.ขอนแก่น รวบรวมจากระบบ e-Claim สปสช.","uckkpho.com/uc/1313","","1"
"ECLAIM","C572","มะเร็ง/OP Refer/ยา/ค่าใช้จ่ายสูง","ERROR","","สิทธิประกันสังคม เบิกกรณีไตวายเฉียบพลัน, Instrument","","","","รายละเอียดการผิดพลาดของข้อมูล (รหัสติด C) — สสจ.ขอนแก่น รวบรวมจากระบบ e-Claim สปสช.","uckkpho.com/uc/1313","","1"
"ECLAIM","C573","มะเร็ง/OP Refer/ยา/ค่าใช้จ่ายสูง","ERROR","","วันที่รับบริการเป็นวันที่ก่อนวันที่ประกาศใช้รายการยา","","","","รายละเอียดการผิดพลาดของข้อมูล (รหัสติด C) — สสจ.ขอนแก่น รวบรวมจากระบบ e-Claim สปสช.","uckkpho.com/uc/1313","","1"
"ECLAIM","C574","มะเร็ง/OP Refer/ยา/ค่าใช้จ่ายสูง","ERROR","","ข้อมูลประเภทยาและเวชภัณฑ์ (ฟิลด์ PRODUCTCAT)","","","","รายละเอียดการผิดพลาดของข้อมูล (รหัสติด C) — สสจ.ขอนแก่น รวบรวมจากระบบ e-Claim สปสช.","uckkpho.com/uc/1313","","1"
"ECLAIM","C575","มะเร็ง/OP Refer/ยา/ค่าใช้จ่ายสูง","ERROR","","ไม่ใช่หน่วยบริการที่สามารถให้บริการอุปกรณ์รองเท้า","","","","รายละเอียดการผิดพลาดของข้อมูล (รหัสติด C) — สสจ.ขอนแก่น รวบรวมจากระบบ e-Claim สปสช.","uckkpho.com/uc/1313","","1"
"ECLAIM","C576","มะเร็ง/OP Refer/ยา/ค่าใช้จ่ายสูง","ERROR","","รหัสอุปกรณ์รองเท้าสำหรับผู้ป่วยเบาหวานที่บันทึกเบิก","","","","รายละเอียดการผิดพลาดของข้อมูล (รหัสติด C) — สสจ.ขอนแก่น รวบรวมจากระบบ e-Claim สปสช.","uckkpho.com/uc/1313","","1"
"ECLAIM","C577","มะเร็ง/OP Refer/ยา/ค่าใช้จ่ายสูง","ERROR","","บันทึกรหัสรังสีรักษาทั้งกรณีมะเร็งโปรโตคอล","","","","รายละเอียดการผิดพลาดของข้อมูล (รหัสติด C) — สสจ.ขอนแก่น รวบรวมจากระบบ e-Claim สปสช.","uckkpho.com/uc/1313","","1"
"ECLAIM","C578","มะเร็ง/OP Refer/ยา/ค่าใช้จ่ายสูง","ERROR","","บันทึกรหัสเบิกการจัดส่งยาทางไปรษณีย์","","","","รายละเอียดการผิดพลาดของข้อมูล (รหัสติด C) — สสจ.ขอนแก่น รวบรวมจากระบบ e-Claim สปสช.","uckkpho.com/uc/1313","","1"
"ECLAIM","C579","มะเร็ง/OP Refer/ยา/ค่าใช้จ่ายสูง","ERROR","","บันทึกเบิกกรณีให้บริการผู้ป่วยมะเร็งที่บ้าน (Home Chemotherapy)","","","","รายละเอียดการผิดพลาดของข้อมูล (รหัสติด C) — สสจ.ขอนแก่น รวบรวมจากระบบ e-Claim สปสช.","uckkpho.com/uc/1313","","1"
"ECLAIM","C580","มะเร็ง/OP Refer/ยา/ค่าใช้จ่ายสูง","ERROR","","กรณีส่งต่อผู้ป่วยนอก (OP Refer) มีการเบิกกรณีล้างไต/ฟอกเลือด","","","","รายละเอียดการผิดพลาดของข้อมูล (รหัสติด C) — สสจ.ขอนแก่น รวบรวมจากระบบ e-Claim สปสช.","uckkpho.com/uc/1313","","1"
"ECLAIM","C581","มะเร็ง/OP Refer/ยา/ค่าใช้จ่ายสูง","ERROR","","กรณีส่งต่อผู้ป่วยนอก (OP Refer) มีการเบิกกรณีรักษาโรคเยื้อหุ้มสมอง","","","","รายละเอียดการผิดพลาดของข้อมูล (รหัสติด C) — สสจ.ขอนแก่น รวบรวมจากระบบ e-Claim สปสช.","uckkpho.com/uc/1313","","1"
"ECLAIM","C582","มะเร็ง/OP Refer/ยา/ค่าใช้จ่ายสูง","ERROR","","กรณีส่งต่อผู้ป่วยนอก (OP Refer) มีการเบิกกรณี CMV Retinitis","","","","รายละเอียดการผิดพลาดของข้อมูล (รหัสติด C) — สสจ.ขอนแก่น รวบรวมจากระบบ e-Claim สปสช.","uckkpho.com/uc/1313","","1"
"ECLAIM","C583","มะเร็ง/OP Refer/ยา/ค่าใช้จ่ายสูง","ERROR","","กรณีส่งต่อผู้ป่วยนอก (OP Refer) มีการเบิกกรณีการให้สารเมทาโดน","","","","รายละเอียดการผิดพลาดของข้อมูล (รหัสติด C) — สสจ.ขอนแก่น รวบรวมจากระบบ e-Claim สปสช.","uckkpho.com/uc/1313","","1"
"ECLAIM","C584","มะเร็ง/OP Refer/ยา/ค่าใช้จ่ายสูง","ERROR","","กรณีส่งต่อผู้ป่วยนอก (OP Refer) มีการเบิกกรณีรักษา Hyperbaric Oxygen Therapy","","","","รายละเอียดการผิดพลาดของข้อมูล (รหัสติด C) — สสจ.ขอนแก่น รวบรวมจากระบบ e-Claim สปสช.","uckkpho.com/uc/1313","","1"
"ECLAIM","C585","มะเร็ง/OP Refer/ยา/ค่าใช้จ่ายสูง","ERROR","","กรณีส่งต่อผู้ป่วยนอก (OP Refer) เบิกมะเร็งทั่วไปรังสีรักษา","","","","รายละเอียดการผิดพลาดของข้อมูล (รหัสติด C) — สสจ.ขอนแก่น รวบรวมจากระบบ e-Claim สปสช.","uckkpho.com/uc/1313","","1"
"ECLAIM","C586","มะเร็ง/OP Refer/ยา/ค่าใช้จ่ายสูง","ERROR","","กรณีส่งต่อผู้ป่วยนอก (OP Refer) มีการเบิกกรณีมะเร็งโปรโตคอลรักษา","","","","รายละเอียดการผิดพลาดของข้อมูล (รหัสติด C) — สสจ.ขอนแก่น รวบรวมจากระบบ e-Claim สปสช.","uckkpho.com/uc/1313","","1"
"ECLAIM","C587","มะเร็ง/OP Refer/ยา/ค่าใช้จ่ายสูง","ERROR","","กรณีส่งต่อผู้ป่วยนอก (OP Refer) เบิกมะเร็งโปรโตคอลรังสีรักษา","","","","รายละเอียดการผิดพลาดของข้อมูล (รหัสติด C) — สสจ.ขอนแก่น รวบรวมจากระบบ e-Claim สปสช.","uckkpho.com/uc/1313","","1"
"ECLAIM","C588","มะเร็ง/OP Refer/ยา/ค่าใช้จ่ายสูง","ERROR","","กรณีส่งต่อผู้ป่วยนอก (OP Refer) ข้อมูลรับบริการก่อนปีงบประมาณ 2558","","","","รายละเอียดการผิดพลาดของข้อมูล (รหัสติด C) — สสจ.ขอนแก่น รวบรวมจากระบบ e-Claim สปสช.","uckkpho.com/uc/1313","","1"
"ECLAIM","C589","มะเร็ง/OP Refer/ยา/ค่าใช้จ่ายสูง","ERROR","","เบิกกรณี OP Refer แต่สถานะสิทธิการรักษาเป็นลงทะเบียนตามมติบอร์ด","","","","รายละเอียดการผิดพลาดของข้อมูล (รหัสติด C) — สสจ.ขอนแก่น รวบรวมจากระบบ e-Claim สปสช.","uckkpho.com/uc/1313","","1"
"ECLAIM","C591","มะเร็ง/OP Refer/ยา/ค่าใช้จ่ายสูง","ERROR","","กรณีที่ลงทะเบียนมะเร็งใน CaPR แต่บันทึกเบิกรหัส RTX","","","","รายละเอียดการผิดพลาดของข้อมูล (รหัสติด C) — สสจ.ขอนแก่น รวบรวมจากระบบ e-Claim สปสช.","uckkpho.com/uc/1313","","1"
"ECLAIM","C592","มะเร็ง/OP Refer/ยา/ค่าใช้จ่ายสูง","ERROR","","บันทึกเบิกกรณี Vascular Access แต่ไม่มีรายชื่อในทะเบียนผู้ป่วย HD","","","","รายละเอียดการผิดพลาดของข้อมูล (รหัสติด C) — สสจ.ขอนแก่น รวบรวมจากระบบ e-Claim สปสช.","uckkpho.com/uc/1313","","1"
"ECLAIM","C593","มะเร็ง/OP Refer/ยา/ค่าใช้จ่ายสูง","ERROR","","วันที่ทำหัตถการ Vascular Access ก่อนวันที่ลงทะเบียนผู้ป่วย HD","","","","รายละเอียดการผิดพลาดของข้อมูล (รหัสติด C) — สสจ.ขอนแก่น รวบรวมจากระบบ e-Claim สปสช.","uckkpho.com/uc/1313","","1"
"ECLAIM","C594","มะเร็ง/OP Refer/ยา/ค่าใช้จ่ายสูง","ERROR","","เบิกรหัสรายการ Vascular access (HD0001 – HD0005) รหัสรายการเดียวกัน","","","","รายละเอียดการผิดพลาดของข้อมูล (รหัสติด C) — สสจ.ขอนแก่น รวบรวมจากระบบ e-Claim สปสช.","uckkpho.com/uc/1313","","1"
"ECLAIM","C595","มะเร็ง/OP Refer/ยา/ค่าใช้จ่ายสูง","ERROR","","หน่วยบริการบันทึกขอเบิกรหัสรายการ Vascular access","","","","รายละเอียดการผิดพลาดของข้อมูล (รหัสติด C) — สสจ.ขอนแก่น รวบรวมจากระบบ e-Claim สปสช.","uckkpho.com/uc/1313","","1"
"ECLAIM","C596","มะเร็ง/OP Refer/ยา/ค่าใช้จ่ายสูง","ERROR","","กรณีที่เบิกไม่ตรงตามเงื่อนไขที่ลงทะเบียนเป็นหน่วยบริการสำรองเตียง","","","","รายละเอียดการผิดพลาดของข้อมูล (รหัสติด C) — สสจ.ขอนแก่น รวบรวมจากระบบ e-Claim สปสช.","uckkpho.com/uc/1313","","1"
"ECLAIM","C597","มะเร็ง/OP Refer/ยา/ค่าใช้จ่ายสูง","ERROR","","หน่วยบริการรับส่งต่อบันทึกเบิกได้เฉพาะสิทธิในระบบหลักประกันสุขภาพ","","","","รายละเอียดการผิดพลาดของข้อมูล (รหัสติด C) — สสจ.ขอนแก่น รวบรวมจากระบบ e-Claim สปสช.","uckkpho.com/uc/1313","","1"
"ECLAIM","C598","มะเร็ง/OP Refer/ยา/ค่าใช้จ่ายสูง","ERROR","","กรณีที่บันทึกเบิกไม่ตรงตามเงื่อนไขของหน่วยบริการรับส่งต่อ","","","","รายละเอียดการผิดพลาดของข้อมูล (รหัสติด C) — สสจ.ขอนแก่น รวบรวมจากระบบ e-Claim สปสช.","uckkpho.com/uc/1313","","1"
"ECLAIM","C599","มะเร็ง/OP Refer/ยา/ค่าใช้จ่ายสูง","ERROR","","การเบิกกรณี Palliatve Care สามารถบันทึกเบิกได้เฉพาะหน่วยบริการต้นสังกัด","","","","รายละเอียดการผิดพลาดของข้อมูล (รหัสติด C) — สสจ.ขอนแก่น รวบรวมจากระบบ e-Claim สปสช.","uckkpho.com/uc/1313","","1"
"ECLAIM","C600","ฝากครรภ์/สร้างเสริมป้องกัน/ODS","ERROR","","กรณีฝากครรภ์ครั้งแรกบันทึกผลการตรวจทางห้องปฏิบัติการ (Lab)","","","","รายละเอียดการผิดพลาดของข้อมูล (รหัสติด C) — สสจ.ขอนแก่น รวบรวมจากระบบ e-Claim สปสช.","uckkpho.com/uc/1313","","1"
"ECLAIM","C601","ฝากครรภ์/สร้างเสริมป้องกัน/ODS","ERROR","","กรณีฝากครรภ์ครั้งแรกไม่บันทึก ว/ด/ป ครั้งสุดท้ายของการมีประจำเดือน","","","","รายละเอียดการผิดพลาดของข้อมูล (รหัสติด C) — สสจ.ขอนแก่น รวบรวมจากระบบ e-Claim สปสช.","uckkpho.com/uc/1313","","1"
"ECLAIM","C602","ฝากครรภ์/สร้างเสริมป้องกัน/ODS","ERROR","","กรณีฝากครรภ์ครั้งแรกอายุครรภ์ไม่เกิน 12 สัปดาห์","","","","รายละเอียดการผิดพลาดของข้อมูล (รหัสติด C) — สสจ.ขอนแก่น รวบรวมจากระบบ e-Claim สปสช.","uckkpho.com/uc/1313","","1"
"ECLAIM","C603","ฝากครรภ์/สร้างเสริมป้องกัน/ODS","ERROR","","กรณีฝากครรภ์ครั้งแรก พบว่าอายุครรภ์มากกว่า 12 สัปดาห์","","","","รายละเอียดการผิดพลาดของข้อมูล (รหัสติด C) — สสจ.ขอนแก่น รวบรวมจากระบบ e-Claim สปสช.","uckkpho.com/uc/1313","","1"
"ECLAIM","C604","ฝากครรภ์/สร้างเสริมป้องกัน/ODS","ERROR","","ไม่บันทึกข้อมูล ว/ด/ป ที่คลอดบุตร","","","","รายละเอียดการผิดพลาดของข้อมูล (รหัสติด C) — สสจ.ขอนแก่น รวบรวมจากระบบ e-Claim สปสช.","uckkpho.com/uc/1313","","1"
"ECLAIM","C605","ฝากครรภ์/สร้างเสริมป้องกัน/ODS","ERROR","","กรณีตรวจหลังคลอด พบว่าวันเข้ารับบริการตรวจหลังคลอดก่อนวันคลอด","","","","รายละเอียดการผิดพลาดของข้อมูล (รหัสติด C) — สสจ.ขอนแก่น รวบรวมจากระบบ e-Claim สปสช.","uckkpho.com/uc/1313","","1"
"ECLAIM","C606","ฝากครรภ์/สร้างเสริมป้องกัน/ODS","ERROR","","กรณีตรวจหลังคลอด พบว่าวันเข้าบริการตรวจหลังคลอด หลังวันคลอดบุตรมากกว่า 12 สัปดาห์","","","","รายละเอียดการผิดพลาดของข้อมูล (รหัสติด C) — สสจ.ขอนแก่น รวบรวมจากระบบ e-Claim สปสช.","uckkpho.com/uc/1313","","1"
"ECLAIM","C607","ฝากครรภ์/สร้างเสริมป้องกัน/ODS","ERROR","","กรณีส่งเสริมป้องกันโรคเลือกรายการที่ขอเบิกไม่สอดคล้องกับสิทธิ","","","","รายละเอียดการผิดพลาดของข้อมูล (รหัสติด C) — สสจ.ขอนแก่น รวบรวมจากระบบ e-Claim สปสช.","uckkpho.com/uc/1313","","1"
"ECLAIM","C608","ฝากครรภ์/สร้างเสริมป้องกัน/ODS","ERROR","","กรณีส่งเสริมป้องกันโรค รายการที่ขอเบิกเป็นการให้บริการไม่สอดคล้องกับปีงบประมาณ","","","","รายละเอียดการผิดพลาดของข้อมูล (รหัสติด C) — สสจ.ขอนแก่น รวบรวมจากระบบ e-Claim สปสช.","uckkpho.com/uc/1313","","1"
"ECLAIM","C609","ฝากครรภ์/สร้างเสริมป้องกัน/ODS","ERROR","","เบิกกรณีส่งเสริมป้องกันโรค แต่เลือกเงื่อนไขการเรียกเก็บเข้ามา","","","","รายละเอียดการผิดพลาดของข้อมูล (รหัสติด C) — สสจ.ขอนแก่น รวบรวมจากระบบ e-Claim สปสช.","uckkpho.com/uc/1313","","1"
"ECLAIM","C610","ฝากครรภ์/สร้างเสริมป้องกัน/ODS","ERROR","","รหัสโรค / รหัสหัตถการแพทย์แผนไทย บันทึกในหน้าผู้ป่วยในเท่านั้น","","","","รายละเอียดการผิดพลาดของข้อมูล (รหัสติด C) — สสจ.ขอนแก่น รวบรวมจากระบบ e-Claim สปสช.","uckkpho.com/uc/1313","","1"
"ECLAIM","C611","ฝากครรภ์/สร้างเสริมป้องกัน/ODS","ERROR","","เบิกกรณี Palliative Care บันทึกรหัสโรครอง (Sdx)","","","","รายละเอียดการผิดพลาดของข้อมูล (รหัสติด C) — สสจ.ขอนแก่น รวบรวมจากระบบ e-Claim สปสช.","uckkpho.com/uc/1313","","1"
"ECLAIM","C612","ฝากครรภ์/สร้างเสริมป้องกัน/ODS","ERROR","","บันทึกรหัสโรคหลักและรหัสหัตถการไม่ถูกต้องกรณีเบิก Methadone","","","","รายละเอียดการผิดพลาดของข้อมูล (รหัสติด C) — สสจ.ขอนแก่น รวบรวมจากระบบ e-Claim สปสช.","uckkpho.com/uc/1313","","1"
"ECLAIM","C613","ฝากครรภ์/สร้างเสริมป้องกัน/ODS","ERROR","","เบิกกรณี Palliative Care ร่วมกับค่าใช้จ่ายสูง","","","","รายละเอียดการผิดพลาดของข้อมูล (รหัสติด C) — สสจ.ขอนแก่น รวบรวมจากระบบ e-Claim สปสช.","uckkpho.com/uc/1313","","1"
"ECLAIM","C614","ฝากครรภ์/สร้างเสริมป้องกัน/ODS","ERROR","","เบิกกรณี Palliative Care บันทึกวันที่เยี่ยมบ้านก่อนเงื่อนไข","","","","รายละเอียดการผิดพลาดของข้อมูล (รหัสติด C) — สสจ.ขอนแก่น รวบรวมจากระบบ e-Claim สปสช.","uckkpho.com/uc/1313","","1"
"ECLAIM","C615","ฝากครรภ์/สร้างเสริมป้องกัน/ODS","ERROR","","เบิกกรณี Palliative Care ในผู้ป่วยที่เสียชีวิตแล้ว","","","","รายละเอียดการผิดพลาดของข้อมูล (รหัสติด C) — สสจ.ขอนแก่น รวบรวมจากระบบ e-Claim สปสช.","uckkpho.com/uc/1313","","1"
"ECLAIM","C616","ฝากครรภ์/สร้างเสริมป้องกัน/ODS","ERROR","","รหัสโรคไม่สอดคล้องกับประเภทการยุติการตั้งครรภ์","","","","รายละเอียดการผิดพลาดของข้อมูล (รหัสติด C) — สสจ.ขอนแก่น รวบรวมจากระบบ e-Claim สปสช.","uckkpho.com/uc/1313","","1"
"ECLAIM","C617","ฝากครรภ์/สร้างเสริมป้องกัน/ODS","ERROR","","รหัสหัตถการไม่สอดคล้องกับประเภทการยุติการตั้งครรภ์","","","","รายละเอียดการผิดพลาดของข้อมูล (รหัสติด C) — สสจ.ขอนแก่น รวบรวมจากระบบ e-Claim สปสช.","uckkpho.com/uc/1313","","1"
"ECLAIM","C618","ฝากครรภ์/สร้างเสริมป้องกัน/ODS","ERROR","","บันทึกรหัสเบิกยุติการตั้งครรภ์ อายุน้อยกว่า 8 ปี","","","","รายละเอียดการผิดพลาดของข้อมูล (รหัสติด C) — สสจ.ขอนแก่น รวบรวมจากระบบ e-Claim สปสช.","uckkpho.com/uc/1313","","1"
"ECLAIM","C619","ฝากครรภ์/สร้างเสริมป้องกัน/ODS","ERROR","","เป็นหน่วยบริการปฐมภูมิ บันทึกรหัสเบิกยุติการตั้งครรภ์","","","","รายละเอียดการผิดพลาดของข้อมูล (รหัสติด C) — สสจ.ขอนแก่น รวบรวมจากระบบ e-Claim สปสช.","uckkpho.com/uc/1313","","1"
"ECLAIM","C620","ฝากครรภ์/สร้างเสริมป้องกัน/ODS","ERROR","","ข้อมูลรับบริการ/จำหน่าย ก่อน วันที่ 1 ตุลาคม 2560","","","","รายละเอียดการผิดพลาดของข้อมูล (รหัสติด C) — สสจ.ขอนแก่น รวบรวมจากระบบ e-Claim สปสช.","uckkpho.com/uc/1313","","1"
"ECLAIM","C621","ฝากครรภ์/สร้างเสริมป้องกัน/ODS","ERROR","","การเบิกค่าตรวจสุขภาพประจำปี ข้อมูลเพศหรืออายุ","","","","รายละเอียดการผิดพลาดของข้อมูล (รหัสติด C) — สสจ.ขอนแก่น รวบรวมจากระบบ e-Claim สปสช.","uckkpho.com/uc/1313","","1"
"ECLAIM","C622","ฝากครรภ์/สร้างเสริมป้องกัน/ODS","ERROR","","การเบิกค่าตรวจสุขภาพประจำปี ไม่ใช่สิทธิเจ้าตัว","","","","รายละเอียดการผิดพลาดของข้อมูล (รหัสติด C) — สสจ.ขอนแก่น รวบรวมจากระบบ e-Claim สปสช.","uckkpho.com/uc/1313","","1"
"ECLAIM","C623","ฝากครรภ์/สร้างเสริมป้องกัน/ODS","ERROR","","การเบิกค่าตรวจสุขภาพประจำปี ครบตามอัตราที่กำหนดแล้ว","","","","รายละเอียดการผิดพลาดของข้อมูล (รหัสติด C) — สสจ.ขอนแก่น รวบรวมจากระบบ e-Claim สปสช.","uckkpho.com/uc/1313","","1"
"ECLAIM","C625","ฝากครรภ์/สร้างเสริมป้องกัน/ODS","ERROR","","รหัสโรค/รหัสหัตถการไม่ตรงตามกลุ่ม One Day Surgery","","","","รายละเอียดการผิดพลาดของข้อมูล (รหัสติด C) — สสจ.ขอนแก่น รวบรวมจากระบบ e-Claim สปสช.","uckkpho.com/uc/1313","","1"
"ECLAIM","C626","ฝากครรภ์/สร้างเสริมป้องกัน/ODS","ERROR","","ไม่ใช่หน่วยบริการที่ผ่านเกณฑ์การประเมิน One Day Surgery","","","","รายละเอียดการผิดพลาดของข้อมูล (รหัสติด C) — สสจ.ขอนแก่น รวบรวมจากระบบ e-Claim สปสช.","uckkpho.com/uc/1313","","1"
"ECLAIM","C627","ฝากครรภ์/สร้างเสริมป้องกัน/ODS","ERROR","","บันทึกเป็นกรณี One Day Surgery จำนวนวันนอน","","","","รายละเอียดการผิดพลาดของข้อมูล (รหัสติด C) — สสจ.ขอนแก่น รวบรวมจากระบบ e-Claim สปสช.","uckkpho.com/uc/1313","","1"
"ECLAIM","C628","ฝากครรภ์/สร้างเสริมป้องกัน/ODS","ERROR","","บันทึกเป็นกรณี One Day Surgery แต่ผู้ป่วยมีภาวะแทรกซ้อน","","","","รายละเอียดการผิดพลาดของข้อมูล (รหัสติด C) — สสจ.ขอนแก่น รวบรวมจากระบบ e-Claim สปสช.","uckkpho.com/uc/1313","","1"
"ECLAIM","C629","ฝากครรภ์/สร้างเสริมป้องกัน/ODS","ERROR","","บันทึกเป็นกรณี One Day Surgery ประเภทการจำหน่ายไม่ใช่ 1 Improve","","","","รายละเอียดการผิดพลาดของข้อมูล (รหัสติด C) — สสจ.ขอนแก่น รวบรวมจากระบบ e-Claim สปสช.","uckkpho.com/uc/1313","","1"
"ECLAIM","C630","ฝากครรภ์/สร้างเสริมป้องกัน/ODS","ERROR","","ไม่ใช่กลุ่มเป้าหมายผู้รับบริการ (อายุต่ำกว่า 35 ปี)","","","","รายละเอียดการผิดพลาดของข้อมูล (รหัสติด C) — สสจ.ขอนแก่น รวบรวมจากระบบ e-Claim สปสช.","uckkpho.com/uc/1313","","1"
"ECLAIM","C631","ฝากครรภ์/สร้างเสริมป้องกัน/ODS","ERROR","","ไม่ใช่ข้อมูลที่ให้บันทึกเบิกในโปรแกรม e-Claim","","","","รายละเอียดการผิดพลาดของข้อมูล (รหัสติด C) — สสจ.ขอนแก่น รวบรวมจากระบบ e-Claim สปสช.","uckkpho.com/uc/1313","","1"
"ECLAIM","C632","ฝากครรภ์/สร้างเสริมป้องกัน/ODS","ERROR","","เคยได้รับการวินิจฉัยเบาหวาน/ความดันโลหิตสูง","","","","รายละเอียดการผิดพลาดของข้อมูล (รหัสติด C) — สสจ.ขอนแก่น รวบรวมจากระบบ e-Claim สปสช.","uckkpho.com/uc/1313","","1"
"ECLAIM","C633","ฝากครรภ์/สร้างเสริมป้องกัน/ODS","ERROR","","บันทึกเบิกกรณีฝากครรภ์เกินจำนวนครั้งที่กำหนด","","","","รายละเอียดการผิดพลาดของข้อมูล (รหัสติด C) — สสจ.ขอนแก่น รวบรวมจากระบบ e-Claim สปสช.","uckkpho.com/uc/1313","","1"
"ECLAIM","C634","ฝากครรภ์/สร้างเสริมป้องกัน/ODS","ERROR","","กรณีการฝากครรภ์บันทึกเบิกการตรวจอัลตราซาวด์","","","","รายละเอียดการผิดพลาดของข้อมูล (รหัสติด C) — สสจ.ขอนแก่น รวบรวมจากระบบ e-Claim สปสช.","uckkpho.com/uc/1313","","1"
"ECLAIM","C635","ฝากครรภ์/สร้างเสริมป้องกัน/ODS","ERROR","","บันทึกเบิกกรณีบริการตรวจสุขภาพช่องปากและขัดทำความสะอาดฟัน","","","","รายละเอียดการผิดพลาดของข้อมูล (รหัสติด C) — สสจ.ขอนแก่น รวบรวมจากระบบ e-Claim สปสช.","uckkpho.com/uc/1313","","1"
"ECLAIM","C636","ฝากครรภ์/สร้างเสริมป้องกัน/ODS","ERROR","","บันทึกเบิกกรณีในการขัดและทำความสะอาดฟันไม่พบหัตถการ","","","","รายละเอียดการผิดพลาดของข้อมูล (รหัสติด C) — สสจ.ขอนแก่น รวบรวมจากระบบ e-Claim สปสช.","uckkpho.com/uc/1313","","1"
"ECLAIM","C637","ฝากครรภ์/สร้างเสริมป้องกัน/ODS","ERROR","","บันทึกข้อมูลเบิกกรณีฝากครรภ์หรือกรณีคัดกรองมะเร็ง","","","","รายละเอียดการผิดพลาดของข้อมูล (รหัสติด C) — สสจ.ขอนแก่น รวบรวมจากระบบ e-Claim สปสช.","uckkpho.com/uc/1313","","1"
"ECLAIM","C638","ฝากครรภ์/สร้างเสริมป้องกัน/ODS","ERROR","","กรณีตรวจคัดกรองมะเร็งปากมดลูกอายุน้อยกว่า 15 ปี","","","","รายละเอียดการผิดพลาดของข้อมูล (รหัสติด C) — สสจ.ขอนแก่น รวบรวมจากระบบ e-Claim สปสช.","uckkpho.com/uc/1313","","1"
"ECLAIM","C639","ฝากครรภ์/สร้างเสริมป้องกัน/ODS","ERROR","","รหัสโรค/รหัสหัตถการไม่ถูกต้อง กรณีตรวจคัดกรอง/ยืนยันมะเร็ง","","","","รายละเอียดการผิดพลาดของข้อมูล (รหัสติด C) — สสจ.ขอนแก่น รวบรวมจากระบบ e-Claim สปสช.","uckkpho.com/uc/1313","","1"
"ECLAIM","C640","ฝากครรภ์/สร้างเสริมป้องกัน/ODS","ERROR","","เบิกกรณีตรวจคัดกรอง/ยืนยันมะเร็งปากมดลูกมากกว่า","","","","รายละเอียดการผิดพลาดของข้อมูล (รหัสติด C) — สสจ.ขอนแก่น รวบรวมจากระบบ e-Claim สปสช.","uckkpho.com/uc/1313","","1"
"ECLAIM","C641","ฝากครรภ์/สร้างเสริมป้องกัน/ODS","ERROR","","กรณีตรวจคัดกรองมะเร็งปากมดลูก (Pap smear) ไม่บันทึกผลการตรวจ","","","","รายละเอียดการผิดพลาดของข้อมูล (รหัสติด C) — สสจ.ขอนแก่น รวบรวมจากระบบ e-Claim สปสช.","uckkpho.com/uc/1313","","1"
"ECLAIM","C642","ฝากครรภ์/สร้างเสริมป้องกัน/ODS","ERROR","","บันทึกข้อมูลตรวจคัดกรองมะเร็งไม่ครบถ้วน","","","","รายละเอียดการผิดพลาดของข้อมูล (รหัสติด C) — สสจ.ขอนแก่น รวบรวมจากระบบ e-Claim สปสช.","uckkpho.com/uc/1313","","1"
"ECLAIM","C643","ฝากครรภ์/สร้างเสริมป้องกัน/ODS","ERROR","","บันทึกเบิกกรณีการตรวจทางพยาธิวิทยา Liquid based cytology","","","","รายละเอียดการผิดพลาดของข้อมูล (รหัสติด C) — สสจ.ขอนแก่น รวบรวมจากระบบ e-Claim สปสช.","uckkpho.com/uc/1313","","1"
"ECLAIM","C644","ฝากครรภ์/สร้างเสริมป้องกัน/ODS","ERROR","","อายุไม่สอดคล้องกับเงื่อนไขที่กำหนดกรณีการเบิกทันตกรรมป้องกัน","","","","รายละเอียดการผิดพลาดของข้อมูล (รหัสติด C) — สสจ.ขอนแก่น รวบรวมจากระบบ e-Claim สปสช.","uckkpho.com/uc/1313","","1"
"ECLAIM","C645","ฝากครรภ์/สร้างเสริมป้องกัน/ODS","ERROR","","หน่วยบริการบันทึกเบิกผ่านโปรแกรมตามที่กำหนดไม่ถูก","","","","รายละเอียดการผิดพลาดของข้อมูล (รหัสติด C) — สสจ.ขอนแก่น รวบรวมจากระบบ e-Claim สปสช.","uckkpho.com/uc/1313","","1"
"ECLAIM","C646","ฝากครรภ์/สร้างเสริมป้องกัน/ODS","ERROR","","อายุไม่ตรงตามเงื่อนไขที่กำหนด กรณีการเบิกบริการเคลือบ","","","","รายละเอียดการผิดพลาดของข้อมูล (รหัสติด C) — สสจ.ขอนแก่น รวบรวมจากระบบ e-Claim สปสช.","uckkpho.com/uc/1313","","1"
"ECLAIM","C647","ฝากครรภ์/สร้างเสริมป้องกัน/ODS","ERROR","","อายุไม่ตรงตามเงื่อนไขที่กำหนด กรณีเบิกบริการเคลือบฟลูออไรด์","","","","รายละเอียดการผิดพลาดของข้อมูล (รหัสติด C) — สสจ.ขอนแก่น รวบรวมจากระบบ e-Claim สปสช.","uckkpho.com/uc/1313","","1"
"ECLAIM","C648","ฝากครรภ์/สร้างเสริมป้องกัน/ODS","ERROR","","บันทึกเบิกกรณีเคลือบหลุมร่องฟัน","","","","รายละเอียดการผิดพลาดของข้อมูล (รหัสติด C) — สสจ.ขอนแก่น รวบรวมจากระบบ e-Claim สปสช.","uckkpho.com/uc/1313","","1"
"ECLAIM","C649","ฝากครรภ์/สร้างเสริมป้องกัน/ODS","ERROR","","การตรวจยืนยันภาวะพร่องไทรอยด์ฮอร์โมน (TSH) ผิดปกติ อายุ 0-1 ปี","","","","รายละเอียดการผิดพลาดของข้อมูล (รหัสติด C) — สสจ.ขอนแก่น รวบรวมจากระบบ e-Claim สปสช.","uckkpho.com/uc/1313","","1"
"ECLAIM","C650","ฝากครรภ์/สร้างเสริมป้องกัน/ODS","ERROR","","การตรวจยืนยันภาวะพร่องไทรอยด์ฮอร์โมน (TSH) ผิดปกติ อายุ 2 ปี","","","","รายละเอียดการผิดพลาดของข้อมูล (รหัสติด C) — สสจ.ขอนแก่น รวบรวมจากระบบ e-Claim สปสช.","uckkpho.com/uc/1313","","1"
"ECLAIM","C651","ฝากครรภ์/สร้างเสริมป้องกัน/ODS","ERROR","","การตรวจยืนยันภาวะพร่องไทรอยด์ฮอร์โมน (TSH) ผิดปกติ อายุ 3 ปี","","","","รายละเอียดการผิดพลาดของข้อมูล (รหัสติด C) — สสจ.ขอนแก่น รวบรวมจากระบบ e-Claim สปสช.","uckkpho.com/uc/1313","","1"
"ECLAIM","C652","ฝากครรภ์/สร้างเสริมป้องกัน/ODS","ERROR","","การตรวจยืนยันภาวะพร่องไทรอยด์ฮอร์โมน (TSH) ผิดปกติ อายุ 4 ปี","","","","รายละเอียดการผิดพลาดของข้อมูล (รหัสติด C) — สสจ.ขอนแก่น รวบรวมจากระบบ e-Claim สปสช.","uckkpho.com/uc/1313","","1"
"NHSO_DP","P124","รหัสตอบกลับ NHSO DP","ERROR","7","พบสาเหตุส่งเบิก ไม่เท่ากับ ราคา Drug Catalogue รบกวนตรวจสอบ แฟ้ม 7 Seq.690014144 หมวดค่าใช้จ่าย ยาสารอาหารทางเส้นเลือดที่ใช้ที่ รพ. (BILLGRCS = 03) STDCODE 338139 รบกวนตรวจสอบข้อมูลพร้อมแก้ไขข้อมูลแล้วส่งเข้ามาใหม่อีกครั้ง","","","","โครงการ NHSO Digital Platform_Commu_03082026_V4.pdf (OCR จากภาพสไลด์)","","2026-08-03","0"
"NHSO_DP","L205","รหัสตอบกลับ NHSO DP","ERROR","7","แฟ้ม 7 Seq.690014144 หมวดค่าใช้จ่าย ยาสารอาหารทางเส้นเลือดที่ใช้ที่ รพ. (BILLGRCS = 03) CODESYS 001 ผ่านขั้นตอนการหาข้อมูลยา รพ.","","","","โครงการ NHSO Digital Platform_Commu_03082026_V4.pdf (OCR จากภาพสไลด์)","","2026-08-03","0"
"NHSO_DP","C305","รหัสตอบกลับ NHSO DP","ERROR","","Approve Code (OFC)/เลขปิดสิทธิ (UCS) ที่บันทึกเบิกในโปรแกรม e-Claim ไม่ตรงกันฐานข้อมูลของหน่วยบริการ","","","","โครงการ NHSO Digital Platform_Commu_03082026_V4.pdf (OCR จากภาพสไลด์)","","2026-08-03","0"
"NHSO_DP","P061","รหัสตอบกลับ NHSO DP","ERROR","6","ไม่พบรหัสหัตถการที่สอดคล้องกับการวินิจฉัยหลัก รบกวนตรวจสอบ แฟ้ม 6 และแก้ไขข้อมูลแล้วส่งเข้ามาใหม่อีกครั้ง","","","","โครงการ NHSO Digital Platform_Commu_03082026_V4.pdf (OCR จากภาพสไลด์)","","2026-08-03","0"
"NHSO_DP","P208","รหัสตอบกลับ NHSO DP","ERROR","1","วันที่รับบริการอยู่นอกช่วงสิทธิที่ตรวจสอบได้ รบกวนตรวจสอบแฟ้ม 1 และยืนยันสิทธิก่อนส่งเบิกอีกครั้ง","","","","โครงการ NHSO Digital Platform_Commu_03082026_V4.pdf (OCR จากภาพสไลด์)","","2026-08-03","0"
"NHSO_DP","C112","รหัสตอบกลับ NHSO DP","ERROR","14","จำนวนวันนอนที่ส่งเบิกไม่สอดคล้องกับวันที่จำหน่ายในแฟ้ม 14 กรุณาตรวจสอบข้อมูลผู้ป่วยในและการลากลับบ้าน (แฟ้ม 15)","","","","โครงการ NHSO Digital Platform_Commu_03082026_V4.pdf (OCR จากภาพสไลด์)","","2026-08-03","0"
